Date,Brent_USD,USD_LKR,Index
2013-01-01,112.96,126.8535809523809,59.5
2013-02-01,116.05,126.7025888888889,59.8
2013-03-01,108.47,126.8149842105263,59.3
2013-04-01,102.25,126.02996,59.2
2013-05-01,102.56,126.3067619047619,60.3
2013-06-01,102.92,127.8065,61.8
2013-07-01,107.93,131.0099,61.4
2013-08-01,111.28,131.82826,60.7
2013-09-01,111.6,132.468965,60.5
2013-10-01,109.08,131.0965523809524,60.9
2013-11-01,107.79,131.0825428571428,62.9
2013-12-01,110.76,130.82774,65.4
2014-01-01,108.12,130.7293761904762,62.4
2014-02-01,108.9,130.8204117647059,62.1
2014-03-01,107.48,130.6281761904762,62.2
2014-04-01,107.76,130.6221999999999,63.3
2014-05-01,109.54,130.4549736842105,64.5
2014-06-01,111.8,130.28733,66.3
2014-07-01,106.77,130.2402727272727,67.3
2014-08-01,101.61,130.1885000000001,66.0
2014-09-01,97.09,130.2605238095238,66.0
2014-10-01,87.43,130.5995,66.2
2014-11-01,79.44,130.9375578947369,67.9
2014-12-01,62.34,131.0215818181818,70.6
2015-01-01,47.76,131.5507526315789,73.9
2015-02-01,58.1,132.7292823529412,69.3
2015-03-01,55.89,132.8989523809524,67.4
2015-04-01,59.52,132.8992578947369,66.0
2015-05-01,64.08,133.4960263157895,67.4
2015-06-01,61.48,133.8952238095238,68.8
2015-07-01,56.56,133.6860045454545,68.2
2015-08-01,46.52,133.8829333333334,67.1
2015-09-01,47.62,138.8769285714286,66.8
2015-10-01,48.43,140.8945,67.7
2015-11-01,44.27,142.0247631578947,71.0
2015-12-01,38.01,143.4483285714285,72.4
2016-01-01,30.7,143.940255,70.8
2016-02-01,32.18,143.9283631578947,68.9
2016-03-01,38.21,143.959375,67.7
2016-04-01,41.58,143.9001333333334,69.2
2016-05-01,46.74,145.65022,70.5
2016-06-01,48.25,145.2835727272727,74.0
2016-07-01,44.95,145.4069947368421,72.8
2016-08-01,45.84,145.6009545454545,69.9
2016-09-01,46.57,145.78488,70.0
2016-10-01,49.52,146.8723,71.3
2016-11-01,44.73,147.7709666666666,72.1
2016-12-01,53.31,148.8819947368421,74.1
2017-01-01,54.58,150.094580952381,75.4
2017-02-01,54.87,150.8173055555556,75.9
2017-03-01,51.59,151.4274956521739,75.3
2017-04-01,52.31,151.7595176470589,77.4
2017-05-01,50.33,152.334425,78.1
2017-06-01,46.37,152.83072,80.3
2017-07-01,48.48,153.6660047619048,78.8
2017-08-01,51.7,153.1929545454545,78.4
2017-09-01,56.15,152.8973842105263,81.7
2017-10-01,57.51,153.526155,83.4
2017-11-01,62.71,153.6598714285714,83.6
2017-12-01,64.37,153.150552631579,82.2
2018-01-01,69.08,153.801585,78.7
2018-02-01,65.32,154.8578666666667,83.5
2018-03-01,66.02,155.7288349999999,77.1
2018-04-01,72.11,156.1354,78.1
2018-05-01,76.98,157.8993666666667,79.2
2018-06-01,74.41,159.0710578947368,80.7
2018-07-01,74.25,159.3374571428571,78.4
2018-08-01,72.53,160.3538636363636,78.4
2018-09-01,78.89,164.4152578947368,76.4
2018-10-01,81.03,171.2248772727273,76.3
2018-11-01,64.75,176.8496421052631,80.2
2018-12-01,57.36,180.09797,79.9
2019-01-01,59.41,182.1277363636364,78.2
2019-02-01,63.96,178.7330611111111,77.2
2019-03-01,66.14,178.4297578947368,76.2
2019-04-01,71.23,174.801185,76.9
2019-05-01,71.32,176.4446857142857,78.5
2019-06-01,64.22,176.5888631578947,78.4
2019-07-01,63.92,175.9901727272727,78.7
2019-08-01,59.04,177.97049,78.9
2019-09-01,62.83,180.77518,80.1
2019-10-01,59.71,181.4511217391305,81.9
2019-11-01,63.21,180.3729368421053,83.4
2019-12-01,67.31,181.25391,86.8
2020-01-01,63.65,181.4036428571429,88.9
2020-02-01,55.66,181.5628,88.2
2020-03-01,32.01,185.05668,86.1
2020-04-01,18.38,193.0854055555556,85.5
2020-05-01,29.38,187.8650470588235,86.4
2020-06-01,40.27,185.9545238095238,87.2
2020-07-01,43.24,185.8486956521739,88.8
2020-08-01,44.74,184.893855,89.2
2020-09-01,40.91,185.0317285714285,90.2
2020-10-01,40.19,184.43791,90.5
2020-11-01,42.69,184.7882,91.2
2020-12-01,49.99,187.1822047619048,93.2
2021-01-01,54.77,190.4918052631579,94.1
2021-02-01,62.28,194.0665055555555,95.0
2021-03-01,65.41,196.9825363636363,93.7
2021-04-01,64.81,197.4230444444445,93.8
2021-05-01,68.53,199.5847166666667,94.8
2021-06-01,73.16,199.8160619047619,96.6
2021-07-01,75.17,199.97777,97.8
2021-08-01,70.75,200.4965272727273,98.6
2021-09-01,74.49,201.9858428571428,99.1
2021-10-01,83.54,201.0898578947368,101.1
2021-11-01,81.05,201.85816,106.6
2021-12-01,74.17,201.3989739130434,113.2
2022-01-01,86.51,201.4646736842105,151.6
2022-02-01,97.13,201.7362,153.1
2022-03-01,117.25,255.8080619047619,156.9
2022-04-01,104.58,319.4404333333334,176.1
2022-05-01,113.34,358.9390315789474,195.3
2022-06-01,122.71,360.2428095238095,222.8
2022-07-01,111.93,360.8724100000001,233.4
2022-08-01,100.45,360.9982772727273,237.5
2022-09-01,89.76,362.3825727272725,239.1
2022-10-01,93.33,363.1484210526316,236.5
2022-11-01,91.42,363.3940476190476,233.2
2022-12-01,80.92,363.1651899999999,232.4
2023-01-01,82.5,362.422775,232.8
2023-02-01,82.59,361.976615,228.1
2023-03-01,78.43,329.4708545454545,223.2
2023-04-01,84.64,321.42435625,223.8
2023-05-01,75.47,310.1638571428572,226.1
2023-06-01,74.84,301.261175,228.4
2023-07-01,80.11,319.2903449999999,227.5
2023-08-01,86.15,321.5764047619049,224.6
2023-09-01,93.72,322.7692842105263,226.7
2023-10-01,90.6,324.7302772727273,224.1
2023-11-01,82.94,328.2500363636364,228.1
2023-12-01,77.63,326.7423263157895,236.2
2024-01-01,80.12,321.1706047619048,242.4
2024-02-01,83.48,312.58012,239.5
2024-03-01,85.41,305.664963157895,234.4
2024-04-01,89.94,299.4231842105262,231.1
2024-05-01,81.75,299.692335,227.3
2024-06-01,82.25,303.8120777777779,232.8
2024-07-01,85.15,303.7559434782609,234.0
2024-08-01,80.36,300.6682999999999,229.7
2024-09-01,74.02,301.1505,227.9
2024-10-01,75.63,293.785138095238,227.1
2024-11-01,74.35,292.009205,228.0
2024-12-01,73.86,291.6805142857143,233.9
2025-01-01,79.27,296.1796047619048,236.3
2025-02-01,75.44,296.8034352941176,236.8
2025-03-01,72.73,295.9090315789473,236.2
2025-04-01,68.13,298.531194736842,237.8
2025-05-01,64.45,299.4141894736842,240.6
2025-06-01,71.44,299.9013699999999,242.5
2025-07-01,71.04,301.1217318181819,239.2
2025-08-01,67.87,301.489115,236.3
2025-09-01,67.99,302.1955095238095,236.6
