Date,Rice ‐ (Kekulu white),lag_1,lag_3,lag_6,lag_12,rolling_mean_3,rolling_std_3,rolling_max_3,rolling_min_3,rolling_mean_6,rolling_std_6,rolling_max_6,rolling_min_6,rolling_mean_12,rolling_std_12,rolling_max_12,rolling_min_12,ewma_3,ewma_6,ewma_12,volatility_3,volatility_6,volatility_12,month,quarter,year,month_sin,month_cos,pct_change_1,pct_change_3,fuel_lag_1,fuel_lag_3,fuel_rolling_mean_3,fuel_pct_change,usd_lag_1,usd_rolling_mean_3,usd_pct_change,local_fuel_lag_1,local_fuel_pct_change
2014-01-01,61.08309027777778,58.02653288289888,54.94193151147098,56.18580252718691,57.765030194478726,58.637713576846686,2.2042781179043915,61.08309027777778,56.80351756986339,56.66513458583095,2.5833931977007003,61.08309027777778,54.24211600487604,56.00524126342614,1.9723005036139305,61.08309027777778,54.24211600487604,59.0048311558477,57.647430613229595,56.91172610397982,0.015682856385622338,0.02823585710794541,0.0247604056490399,1,1,2014,0.49999999999999994,0.8660254037844387,0.05267516846211073,0.11177544358855718,110.76,109.08,108.89,-0.023835319609967542,130.82774,130.87988634920632,-0.00075185743882622,14490.480482400002,-0.024569256286438135
2014-02-01,63.613600398936164,61.08309027777778,56.80351756986339,54.893619268098654,56.61795413279893,60.907741186537606,2.797658187670275,63.613600398936164,58.02653288289888,58.118464774303874,3.6287601431949934,63.613600398936164,54.24211600487604,56.588211785604244,2.9576267844948343,63.613600398936164,54.24211600487604,61.30921577739193,59.35205055200289,57.94278368781925,0.01577115198543644,0.022944784864399596,0.0254895238736085,2,1,2014,0.8660254037844386,0.5000000000000001,0.041427342815348656,0.11988839988116884,108.12,107.79,109.25999999999999,0.007214206437291981,130.7293761904762,130.79250931839405,0.0006963666230386245,14134.460153714286,0.00791559679290521
2014-03-01,63.58541666666666,63.613600398936164,58.02653288289888,54.24211600487604,55.08319607843137,62.760702447793534,1.452923096873854,63.613600398936164,61.08309027777778,59.67568155126897,3.6373462731116986,63.613600398936164,54.94193151147098,57.296730167957186,3.5277464149628543,63.613600398936164,54.24211600487604,62.44731622202929,60.56158372762111,58.81088106918039,0.027991628785614085,0.01947579055439716,0.022996145799404108,3,1,2014,1.0,6.123233995736766e-17,-0.00044304570237740926,0.09579899931271019,108.9,110.76,108.16666666666667,-0.013039485766758507,130.8204117647059,130.72598804855275,-0.0014694616202206578,14246.342841176474,-0.014489786363097501
2014-04-01,66.1369849537037,63.58541666666666,61.08309027777778,54.94193151147098,54.33371867167919,64.44533400643552,1.4650804674951223,66.1369849537037,63.58541666666666,61.54152379164109,3.5945316294583933,66.1369849537037,56.80351756986339,58.280335691459236,4.206659785826517,66.1369849537037,54.24211600487604,64.2921505878665,62.15455550650185,59.93797397449167,0.023807712851818413,0.018691191838291262,0.022728995352677767,4,2,2014,0.8660254037844387,-0.4999999999999998,0.0401281995274656,0.08273803196503549,107.48,108.12,108.04666666666667,0.002605135839225836,130.6281761904762,130.69026265172735,-4.574962807102345e-05,14039.916376952384,0.002559267027159251
2014-05-01,65.2277199074074,66.1369849537037,63.613600398936164,56.80351756986339,54.46508536645111,64.98337384259258,1.2932145724494648,66.1369849537037,63.58541666666666,62.94555751456509,2.9636046582337396,66.1369849537037,58.02653288289888,59.177221903205584,4.459035831068422,66.1369849537037,54.24211600487604,64.75993524763695,63.03260247818915,60.75178104109409,0.028064570230405338,0.026128910507089577,0.024093824643242345,5,2,2014,0.49999999999999994,-0.8660254037844387,-0.01374820831238055,0.025373811548925262,107.76,108.9,108.26,0.016518188567186343,130.6221999999999,130.56844995822885,-0.001280228902815983,14075.84827199999,0.015216812601944518
2014-06-01,66.35276388888889,65.2277199074074,63.58541666666666,58.02653288289888,55.386330869580476,65.90582291666666,0.5970828297578887,66.35276388888889,65.2277199074074,64.3332626822301,1.9886005635940334,66.35276388888889,61.08309027777778,60.09109132148129,4.727181229730139,66.35276388888889,54.24211600487604,65.55634956826292,63.98122002410336,61.6134707099856,0.027039892915555492,0.02625477686213456,0.02409591884842896,6,2,2014,1.2246467991473532e-16,-1.0,0.017247942793010562,0.043521728208992805,109.54,107.48,109.7,0.02063173270038332,130.4549736842105,130.45483456140346,-0.0012850693191377438,14290.037817368418,0.019320150174551687
2014-07-01,66.76761309523809,66.35276388888889,66.1369849537037,61.08309027777778,56.18580252718691,66.11603229717812,0.7967742104051014,66.76761309523809,65.2277199074074,65.28068315180683,1.396385978534854,66.76761309523809,63.58541666666666,60.97290886881888,4.915671621114544,66.76761309523809,54.24211600487604,66.1619813317505,64.77733233014186,62.40641569233213,0.015714556184749935,0.022254128276735393,0.024242004001710175,7,3,2014,-0.4999999999999997,-0.8660254037844388,0.0062521767298779896,0.009535181290405426,111.8,107.76,109.37,-0.04499105545617177,130.28733,130.3275254704944,-0.0003611807282204449,14566.123494,-0.04533598628221924
2014-08-01,70.9966417820882,66.76761309523809,65.2277199074074,63.613600398936164,54.893619268098654,68.03900625540506,2.5697725380906835,70.9966417820882,66.35276388888889,66.51119004899883,2.4721490173203917,70.9966417820882,63.58541666666666,62.31482741165134,5.2890162112618935,70.9966417820882,54.24211600487604,68.57931155691935,66.55427788784081,63.72798893690999,0.030288351718634567,0.0283837926668157,0.024825594321823363,8,3,2014,-0.8660254037844385,-0.5000000000000004,0.06333952182501679,0.08844279522371701,106.77,109.54,106.72666666666665,-0.04832818207361611,130.2402727272727,130.2387009090909,-0.00039751703669277383,13905.753919090905,-0.0487064878345822
2014-09-01,75.57916476013509,70.9966417820882,66.35276388888889,63.58541666666666,54.24211600487604,71.11447321248713,4.406957439127188,75.57916476013509,66.76761309523809,68.5101480645769,4.006260610793361,75.57916476013509,65.2277199074074,64.09291480792292,5.881754961395022,75.57916476013509,54.94193151147098,72.07923815852722,69.1328169942106,65.5512467558677,0.033313026410399516,0.03177153493692293,0.025162134328135854,9,3,2014,-1.0,-1.8369701987210297e-16,0.06454563008926728,0.13905073926831868,101.61,111.8,101.82333333333334,-0.04448381064855822,130.1885000000001,130.22976551226552,0.0005532271246977416,13228.45348500001,-0.043955193174521234
2014-10-01,76.39233256822541,75.57916476013509,66.76761309523809,66.1369849537037,54.94193151147098,74.32271303681624,2.909015806879214,76.39233256822541,70.9966417820882,70.21937266699719,4.883008444752215,76.39233256822541,65.2277199074074,65.88044822931913,6.103183437906108,76.39233256822541,56.80351756986339,74.23578536337632,71.20696430107198,67.21910611161503,0.030711384887172212,0.0320909574204673,0.025288704097090473,10,4,2014,-0.8660254037844386,0.5000000000000001,0.010759153143211853,0.14415251686859776,97.09,106.77,95.37666666666667,-0.09949531362653208,130.2605238095238,130.34950793650796,0.0026022940839074415,12646.994256666665,-0.09715193560865132
2014-11-01,77.59556504218884,76.39233256822541,70.9966417820882,65.2277199074074,56.80351756986339,76.52235412351645,1.0144686924666768,77.59556504218884,75.57916476013509,72.28068018946074,4.964202691835491,77.59556504218884,66.35276388888889,67.61311885201293,6.241829938157764,77.59556504218884,58.02653288289888,75.91567520278258,73.03227879853394,68.81548440862639,0.02971768866729281,0.026847766220645396,0.025455079169168896,11,4,2014,-0.5000000000000004,0.8660254037844384,0.015750696876402293,0.09294697741274693,87.43,101.61,87.98666666666668,-0.09138739563079046,130.5995,130.59919390142022,0.002588508338369433,11418.314285000002,-0.08903544432803323
2014-12-01,78.1509445520079,77.59556504218884,75.57916476013509,66.35276388888889,58.02653288289888,77.37961405414072,0.8989744986945952,78.1509445520079,76.39233256822541,74.24704363331392,4.45728264052903,78.1509445520079,66.76761309523809,69.29015315777201,6.134542006566772,78.1509445520079,61.08309027777778,77.03330987739524,74.49475472809793,70.2517090460697,0.0043153567787605545,0.028068253020067747,0.026047698672553205,12,4,2014,-2.4492935982947064e-16,1.0,0.007157361500197856,0.03402762917577684,79.44,97.09,76.40333333333334,-0.21525679758308147,130.9375578947369,130.85287990430626,0.0006417098714521785,10401.679599157898,-0.21475322012353548
2015-01-01,74.87013333333333,78.1509445520079,76.39233256822541,66.76761309523809,61.08309027777778,76.87221430917668,1.755949251930509,78.1509445520079,74.87013333333333,75.59746367299645,2.5628654504955755,78.1509445520079,70.9966417820882,70.43907341240164,5.735842226807873,78.1509445520079,63.58541666666666,75.95172160536428,74.60200575816519,70.96223585949488,0.031148177063827786,0.039931329027481546,0.03092140049288273,1,1,2015,0.49999999999999994,0.8660254037844387,-0.04198044230279596,-0.019926073517032905,62.34,87.43,63.18,-0.233878729547642,131.0215818181818,131.16996411483254,0.004038806477939083,8167.885410545454,-0.2307845139976522
2015-02-01,72.9787829861111,74.87013333333333,77.59556504218884,70.9966417820882,63.613600398936164,75.33328695715078,2.6170015810799057,78.1509445520079,72.9787829861111,75.92782054033361,1.890846852388867,78.1509445520079,72.9787829861111,71.21950529466622,5.346646377498034,78.1509445520079,63.58541666666666,74.46525229573768,74.1382278232926,71.2724738789743,0.02498345160044218,0.036937406100248614,0.032203532440939375,2,1,2015,0.8660254037844386,0.5000000000000001,-0.025261746747553437,-0.05949801452657233,47.76,79.44,56.06666666666666,0.21649916247906198,131.5507526315789,131.7672056009006,0.008958745562352766,6282.8639456842075,0.2273974689525271
2015-03-01,70.64608333333332,72.9787829861111,78.1509445520079,75.57916476013509,63.58541666666666,72.83166655092592,2.1158643705941382,74.87013333333333,70.64608333333332,75.10564030253332,2.8842958969604235,78.1509445520079,70.64608333333332,71.8078941835551,4.789647814884567,78.1509445520079,65.2277199074074,72.5556678145355,73.1404722547328,71.17610610272183,0.008413912747358764,0.024985566902507132,0.034511694474729446,3,1,2015,1.0,6.123233995736766e-17,-0.03196407993295425,-0.09603033286027962,58.1,62.34,53.916666666666664,-0.038037865748709154,132.7292823529412,132.39299578849082,0.0012783164724723406,7711.571304705883,-0.03680817370660083
2015-04-01,69.20484126984127,70.64608333333332,74.87013333333333,76.39233256822541,66.1369849537037,70.94323586309524,1.9044379062881014,72.9787829861111,69.20484126984127,73.90772508613595,3.63729737991502,78.1509445520079,69.20484126984127,72.06354887656657,4.534517607004667,78.1509445520079,65.2277199074074,70.88025454218838,72.0160062590495,70.87283458997098,0.005805988054039899,0.022712426520511253,0.03402458336149341,4,2,2015,0.8660254037844387,-0.4999999999999998,-0.02040087709734395,-0.07566825129413501,55.89,47.76,57.83666666666667,0.06494900697799255,132.8989523809524,132.84249754287683,2.298842684878011e-06,7427.7224485714305,0.06495145512822686
2015-05-01,68.22601515151514,69.20484126984127,72.9787829861111,77.59556504218884,65.2277199074074,69.3589799182299,1.2173748573698533,70.64608333333332,68.22601515151514,72.34613343769034,3.74699651802405,78.1509445520079,68.22601515151514,72.31340681357555,4.193385578846586,78.1509445520079,66.35276388888889,69.55313484685176,70.93315165689683,70.4656315994393,0.00904080010607526,0.01684455911769245,0.03404385922230672,5,2,2015,0.49999999999999994,-0.8660254037844387,-0.014143896588238891,-0.06512533698322265,59.52,58.1,59.830000000000005,0.07661290322580627,132.8992578947369,133.09807886382626,0.004490381891562256,7910.163829894741,0.08144730631067376
2015-06-01,67.66712121212119,68.22601515151514,70.64608333333332,78.1509445520079,66.35276388888889,68.36599254449253,0.7783578848358031,69.20484126984127,67.66712121212119,70.59882954770922,2.8312121983660705,74.87013333333333,67.66712121212119,72.42293659051158,4.037821794571705,78.1509445520079,66.76761309523809,68.61012802948648,70.00000010124664,70.0350915398519,0.0061051724791446275,0.012227879454083438,0.03395455001487811,6,2,2015,1.2246467991473532e-16,-1.0,-0.008191801003660681,-0.04216740660846452,64.08,55.89,61.69333333333333,-0.04057428214731584,133.4960263157895,133.43016934001673,0.0029903324072733106,8554.42536631579,-0.03770528033084952
2015-07-01,64.94799214975845,67.66712121212119,69.20484126984127,74.87013333333333,66.76761309523809,66.94704283779826,1.7536371770939745,68.22601515151514,64.94799214975845,68.94513935044675,2.733444428509376,72.9787829861111,64.94799214975845,72.2713015117216,4.295454738151808,78.1509445520079,64.94799214975845,66.77906008962246,68.5565692579643,69.25246086445291,0.017014719180352984,0.011700066306545388,0.036027947089470415,7,3,2015,-0.4999999999999997,-0.8660254037844388,-0.04018390340323308,-0.061510857361620874,61.48,59.52,60.706666666666656,-0.08002602472348719,133.8952238095238,133.69241822358927,-0.001562559575440381,8231.878359809523,-0.08146353886771152
2015-08-01,64.27583333333334,64.94799214975845,68.22601515151514,72.9787829861111,70.9966417820882,65.630315565071,1.7956565098913777,67.66712121212119,64.27583333333334,67.49464774165045,2.460372917975254,70.64608333333332,64.27583333333334,71.71123414099203,4.875718072344156,78.1509445520079,64.27583333333334,65.5274467114779,67.33350185092688,68.48682585966529,0.017880433057944345,0.012751394075890519,0.029646658374103543,8,3,2015,-0.8660254037844385,-0.5000000000000004,-0.010349185466353328,-0.05789846892580941,56.56,64.08,54.85333333333333,-0.17751060820367748,133.6860045454545,133.82138722943725,0.0014730695898084178,7561.280417090907,-0.17629902409268228
2015-09-01,63.121817129629626,64.27583333333334,67.66712121212119,70.64608333333332,75.57916476013509,64.11521420424047,0.9236220436454633,64.94799214975845,63.121817129629626,66.2406033743665,2.4503678131958893,69.20484126984127,63.121817129629626,70.6731218384499,5.28620817375592,78.1509445520079,63.121817129629626,64.32463192055376,66.13016335912766,67.66143990119826,0.015503271764162517,0.011539194224882563,0.01897625866403223,9,3,2015,-1.0,-1.8369701987210297e-16,-0.01795412278389308,-0.06717153029523837,46.52,61.48,50.23333333333334,0.02364574376612194,133.8829333333334,135.4819554834055,0.03730120870343856,6228.2340586666705,0.061828967292728576
2015-10-01,65.38409391534393,63.121817129629626,64.94799214975845,69.20484126984127,76.39233256822541,64.26058145943563,1.1312155093251532,65.38409391534393,63.121817129629626,65.60381214861694,1.976633292293184,68.22601515151514,63.121817129629626,69.75576861737646,5.157077812732639,78.1509445520079,63.121817129629626,64.85436291794883,65.91700066090374,67.3110789802976,0.029112009595316665,0.024867637015514674,0.022994638508014722,10,4,2015,-0.8660254037844386,0.5000000000000001,0.03583985519726718,0.006714630447387959,47.62,56.56,47.52333333333333,0.017009659806803912,138.8769285714286,137.88478730158735,0.014527765333848697,6613.31933857143,0.03178453748673449
2015-11-01,66.83815972222223,65.38409391534393,64.27583333333334,68.22601515151514,77.59556504218884,65.11469025573193,1.872761147407187,66.83815972222223,63.121817129629626,65.37250291040147,1.6650547992761668,67.66712121212119,63.121817129629626,68.8593181740459,4.572213708387009,78.1509445520079,63.121817129629626,65.84626132008553,66.1801889641376,67.23832217136292,0.027970977380692808,0.02768648282414507,0.023785562659843863,11,4,2015,-0.5000000000000004,0.8660254037844384,0.02223883088080969,0.039864537820936796,48.43,46.52,46.77333333333333,-0.08589717117489148,140.8945,140.59873057644108,0.008022053081523595,6823.520635,-0.07856418976008572
2015-12-01,68.05933967652717,66.83815972222223,63.121817129629626,67.66712121212119,78.1509445520079,66.76053110469778,1.3393112492528498,68.05933967652717,65.38409391534393,65.43787265446913,1.7770884535972813,68.05933967652717,63.121817129629626,68.01835110108918,3.5132923898462436,74.87013333333333,63.121817129629626,66.95280049830635,66.71708916767747,67.3646325567728,0.00921420231922027,0.028798539033594583,0.024798300984179632,12,4,2015,-2.4492935982947064e-16,1.0,0.01827069984242735,0.07822212305386644,44.27,47.62,43.56999999999999,-0.14140501468262945,142.0247631578947,142.12253057644105,0.010023360587837482,6287.436264999999,-0.13279900754588436
2016-01-01,68.596,68.05933967652717,65.38409391534393,64.94799214975845,74.87013333333333,67.8311664662498,0.9008595178824893,68.596,66.83815972222223,66.04587396284272,2.1589816458383377,68.596,63.121817129629626,67.49550665664474,2.794179344757204,72.9787829861111,63.121817129629626,67.77440024915317,67.25392083405534,67.55407370188468,0.007412065046159369,0.020411404895082128,0.023299341844283488,1,1,2016,0.49999999999999994,0.8660254037844387,0.007885182636556243,0.04912366131149115,38.01,48.43,37.660000000000004,-0.19231781110234147,143.4483285714285,143.13778224310772,0.0034292935544839587,5452.470968999997,-0.18954803177788315
2016-02-01,65.96293333333335,68.596,66.83815972222223,64.27583333333334,72.9787829861111,67.53942433662017,1.3914000101622628,68.596,65.96293333333335,66.32705729617605,1.9852183583463459,68.596,63.121817129629626,66.91085251891325,2.2169273673710626,70.64608333333332,63.121817129629626,66.86866679124327,66.88506726242048,67.3092828759537,0.03016257261928873,0.02771690116159017,0.02451004542870195,2,1,2016,0.8660254037844386,0.5000000000000001,-0.0383851342157947,-0.013094711053181274,30.7,44.27,33.63,0.04820846905537457,143.940255,143.7723155764411,-8.26165140899171e-05,4418.9658285000005,0.0481218697256216
2016-03-01,62.476066666666675,65.96293333333335,68.05933967652717,63.121817129629626,70.64608333333332,65.67833333333334,3.0698768495022972,68.596,62.476066666666675,66.21943221901556,2.1996602015538897,68.596,62.476066666666675,66.23001779669103,2.2200610508533916,69.20484126984127,62.476066666666675,64.67236672895497,65.62535280649082,66.565711151448,0.03172956488198435,0.035873571460144055,0.026977004060838514,3,1,2016,1.0,6.123233995736766e-17,-0.05286100072363886,-0.08203536849456239,32.18,38.01,33.696666666666665,0.1873834679925419,143.9283631578947,143.9426643859649,0.0002154672048293449,4631.614726421051,0.1876393101894509
2016-04-01,64.07036666666667,62.476066666666675,68.596,65.38409391534393,69.20484126984127,64.1697888888889,1.7455581833558924,65.96293333333335,62.476066666666675,66.00047767756935,2.3590494327543317,68.596,62.476066666666675,65.80214491309314,2.085294782245608,68.596,62.476066666666675,64.37136669781083,65.18107105225535,66.18181199994318,0.041706497844081224,0.03393932920956133,0.028555393292752612,4,2,2016,0.8660254037844387,-0.4999999999999998,0.025518571911804067,-0.06597517833887301,38.21,30.7,37.32333333333333,0.08819680711855526,143.959375,143.92929049707604,-0.0004115165592140091,5500.6877187499995,0.08774899611274223
2016-05-01,65.89336666666667,64.07036666666667,65.96293333333335,66.83815972222223,68.22601515151514,64.14659999999999,1.709924987633241,65.89336666666667,62.476066666666675,65.84301216831008,2.3232115862304847,68.596,62.476066666666675,65.60775753935577,1.942648957205863,68.596,62.476066666666675,65.13236668223874,65.3845840849443,66.13743579482372,0.04612293426664862,0.034939578104327296,0.03006242285343371,5,2,2016,0.49999999999999994,-0.8660254037844387,0.028453091418757737,-0.0010546327028111424,41.58,32.18,42.17666666666667,0.12409812409812426,143.9001333333334,144.5032427777778,0.012161814072907395,5983.367544000002,0.1377691964831096
2016-06-01,67.72463333333332,65.89336666666667,62.476066666666675,68.05933967652717,67.66712121212119,65.89612222222222,1.8271348917339434,67.72463333333332,64.07036666666667,65.78722777777777,2.262577272386474,68.596,62.476066666666675,65.61255021612345,1.9482543103011776,68.596,62.476066666666675,66.42850000778603,66.05316958448401,66.3816200315175,0.0015392031526408683,0.03622869143882519,0.03121309086661529,6,2,2016,1.2246467991473532e-16,-1.0,0.02779136594932896,0.08400923660366977,46.74,38.21,45.52333333333333,0.0323063756953359,145.65022,144.94464202020205,-0.002517313552477196,6807.6912827999995,0.029707736865489442
2016-07-01,67.72656666666667,67.72463333333332,64.07036666666667,68.596,64.94799214975845,67.11485555555555,1.057840849893149,67.72656666666667,65.89336666666667,65.64232222222222,2.0660168332829985,67.72656666666667,62.476066666666675,65.84409809253246,2.0256693289882444,68.596,62.476066666666675,67.07753333722636,66.5312830365362,66.58853489846354,0.016223268911085303,0.03601650336417117,0.0284849964744424,7,3,2016,-0.4999999999999997,-0.8660254037844388,2.854697379950366e-05,0.05706538280047302,48.25,41.58,46.64666666666667,-0.06839378238341964,145.2835727272727,145.44692915470492,0.0008495248791897669,7009.932384090908,-0.06760235972394646
2016-08-01,66.2718,67.72656666666667,65.89336666666667,65.96293333333335,64.27583333333334,67.24099999999999,0.83935237799353,67.72656666666667,66.2718,65.6938,2.0794075500277494,67.72656666666667,62.476066666666675,66.01042864808802,1.9662650994995312,68.596,62.476066666666675,66.67466666861318,66.45714502609728,66.53980645254607,0.024701751771755823,0.03310456379822024,0.029163373731392734,8,3,2016,-0.8660254037844385,-0.5000000000000004,-0.02148000021655716,0.005743117288993682,44.95,46.74,46.34666666666667,0.01979977753058959,145.4069947368421,145.4305073365231,0.0013339097542275358,6536.044413421053,0.021160098401196592
2016-09-01,66.496,66.2718,67.72463333333332,62.476066666666675,63.121817129629626,66.83145555555555,0.7832524088216531,67.72656666666667,66.2718,66.36378888888889,1.3576512927633568,67.72656666666667,64.07036666666667,66.29161055395222,1.7443708613086881,68.596,62.476066666666675,66.5853333343066,66.46824644721235,66.53306699830821,0.013490989996695797,0.02014847294306533,0.028414119594321868,9,3,2016,-1.0,-1.8369701987210297e-16,0.003383037732489491,-0.018141601849450018,45.84,48.25,45.78666666666667,0.015924956369982368,145.6009545454545,145.59760976076555,0.0012632159941510235,6674.347756363634,0.017208289023726397
2016-10-01,69.75616666666669,66.496,67.72656666666667,64.07036666666667,65.38409391534393,67.5079888888889,1.9502035535731543,69.75616666666669,66.2718,67.31142222222222,1.4196107251511705,69.75616666666669,65.89336666666667,66.65594994989578,1.97846981696758,69.75616666666669,62.476066666666675,68.17075000048663,67.4076522241993,67.02892848574798,0.03576081200442219,0.025263000772951384,0.029941078583870025,10,4,2016,-0.8660254037844386,0.5000000000000001,0.04902801170997795,0.02996756073564466,46.57,44.95,47.31,0.06334550139574846,145.78488,146.08604484848482,0.007459072573232639,6789.2018616,0.07127707266107963
2016-11-01,73.54509999999999,69.75616666666669,66.2718,65.89336666666667,66.83815972222223,69.93242222222223,3.527853769382576,73.54509999999999,66.496,68.58671111111111,2.72639540905565,73.54509999999999,66.2718,67.2148616397106,2.8080464200829707,73.54509999999999,62.476066666666675,70.85792500024331,69.16120873157092,68.03141641101753,0.028005016265528204,0.02989494500662481,0.03283235271249775,11,4,2016,-0.5000000000000004,0.8660254037844384,0.05431682264650384,0.10974954656430014,49.52,45.84,46.94,-0.0967285945072699,146.8723,146.80938222222218,0.006118694040105677,7273.116296,-0.09120175314188372
2016-12-01,82.29073333333334,73.54509999999999,66.496,67.72463333333332,68.05933967652717,75.19733333333333,6.428549340334039,82.29073333333334,69.75616666666669,71.01439444444445,6.145914552011827,82.29073333333334,66.2718,68.40081111111111,5.191141248267231,82.29073333333334,62.476066666666675,76.57432916678832,72.91250147493162,70.22515747598919,0.03891262037786982,0.05102684581961871,0.04583606966888912,12,4,2016,-2.4492935982947064e-16,1.0,0.11891524157739064,0.23752907443054228,44.73,46.57,49.18666666666667,0.1918175720992623,147.7709666666666,147.84175380116957,0.007518581594459617,6609.795338999997,0.20077834976080133
2017-01-01,87.95084626022125,82.29073333333334,69.75616666666669,67.72656666666667,68.596,81.26222653118485,7.257737320268387,87.95084626022125,73.54509999999999,74.38510771003688,8.907577330586703,87.95084626022125,66.2718,70.01371496612956,7.671527591963155,87.95084626022125,62.476066666666675,82.26258771350479,77.2091714135858,72.9521865197172,0.03390070349456402,0.049562457951738643,0.048066168334993796,1,1,2017,0.49999999999999994,0.8660254037844387,0.06878189922017852,0.2608325609476041,53.31,49.52,50.873333333333335,0.023822922528606183,148.8819947368421,148.91584745196323,0.008144612904214643,7936.8991394210525,0.03216156391506342
2017-02-01,84.81315816899152,87.95084626022125,73.54509999999999,66.2718,65.96293333333335,85.01824592084871,2.835624327330665,87.95084626022125,82.29073333333334,77.47533407153547,8.744668662526507,87.95084626022125,66.496,71.58456703576773,8.635968462396999,87.95084626022125,62.476066666666675,83.53787294124815,79.38173905798743,74.77695138883632,0.0788701294914583,0.05357513945305399,0.04776232444552296,2,1,2017,0.8660254037844386,0.5000000000000001,-0.0356754735701601,0.1532129015936008,54.58,44.73,54.25333333333333,0.005313301575668783,150.094580952381,149.93129374825958,0.004815127891951709,8192.162228380954,0.010154013694235742
2017-03-01,76.81748737373736,84.81315816899152,82.29073333333334,66.496,62.476066666666675,83.19383060098339,5.740608535093924,87.95084626022125,76.81748737373736,79.19558196715836,6.992533428964347,87.95084626022125,69.75616666666669,72.77968542802363,8.2443283245359,87.95084626022125,64.07036666666667,80.17768015749276,78.64909571963027,75.09088000189803,0.08259573314637,0.07753841332893167,0.05467371189574424,3,1,2017,1.0,6.123233995736766e-17,-0.09427394248570087,-0.06651108500182645,54.87,53.31,53.68000000000001,-0.05977765627847631,150.8173055555556,150.77979405337018,0.004045889126387481,8275.345555833335,-0.05597362092162683
2017-04-01,77.44008546118172,76.81748737373736,87.95084626022125,69.75616666666669,64.07036666666667,79.69024366797021,4.447482077895421,84.81315816899152,76.81748737373736,80.47623509957754,5.451905921231744,87.95084626022125,73.54509999999999,73.89382866089987,7.8545282724620495,87.95084626022125,65.89336666666667,78.80888280933723,78.30366421721641,75.4522962264032,0.05136783881540549,0.07699522572331749,0.05470830062450959,4,2,2017,0.8660254037844387,-0.4999999999999998,0.008104900442984508,-0.11950721620052651,51.59,54.58,52.923333333333325,0.01395619306067064,151.4274956521739,151.33477295159614,0.0021926136561596365,7812.144500695651,0.016179407256323275
2017-05-01,79.07775342712841,77.44008546118172,84.81315816899152,73.54509999999999,65.89336666666667,77.77844208734916,1.1675035601142658,79.07775342712841,76.81748737373736,81.39834400409894,4.414290409535899,87.95084626022125,76.81748737373736,74.99252755760502,7.549893261649203,87.95084626022125,66.2718,78.94331811823282,78.52483256290556,76.01005887266862,0.06321083601520668,0.07521104063682223,0.054613242274202944,5,2,2017,0.49999999999999994,-0.8660254037844387,0.02114754853631462,-0.06762399686184573,52.31,54.87,51.410000000000004,-0.03785127126744414,151.7595176470589,151.8404794330776,0.003788278731078565,7938.540368117652,-0.034206383702252374
2017-06-01,80.01073142135644,79.07775342712841,76.81748737373736,82.29073333333334,67.72463333333332,78.84285676988885,1.301321441007255,80.01073142135644,77.44008546118172,81.01834368543612,4.420237722348289,87.95084626022125,76.81748737373736,76.01636906494028,7.303740245197621,87.95084626022125,66.2718,79.47702476979464,78.94937509389152,76.62554695708212,0.006722611622500657,0.05563438519074042,0.05451228165183191,6,2,2017,1.2246467991473532e-16,-1.0,0.011798235961366643,0.04156923321486805,50.33,51.59,49.669999999999995,-0.07868070733161137,152.334425,152.308220882353,0.003257930700824918,7666.99161025,-0.07567911292276475
2017-07-01,81.27599882756134,80.01073142135644,77.44008546118172,87.95084626022125,67.72656666666667,80.12149455868207,1.1033005322990912,81.27599882756134,79.07775342712841,79.90586911332613,2.9077036916325385,84.81315816899152,76.81748737373736,77.14548841168151,6.944159041366515,87.95084626022125,66.2718,80.376511798678,79.6141247320829,77.341001091002,0.004690122265023393,0.045104899014100676,0.05429926374239161,7,3,2017,-0.4999999999999997,-0.8660254037844388,0.015813721281232818,0.049533950583027675,46.37,52.31,48.39333333333334,0.04550355833513042,152.83072,152.94371658730162,0.0054654245030369975,7086.7604864,0.05121767910086761
2017-08-01,80.25631216931217,81.27599882756134,79.07775342712841,84.81315816899152,66.2718,80.51434747274331,0.6709411789876586,81.27599882756134,80.01073142135644,79.14639478004625,1.723613684897954,81.27599882756134,76.81748737373736,78.31086442579085,6.072124852256348,87.95084626022125,66.496,80.31641198399508,79.79760685700555,77.7895104876651,0.015346210793646169,0.04366058308511282,0.05378769525882208,8,3,2017,-0.8660254037844385,-0.5000000000000004,-0.012545975108993468,0.01490379646748341,48.48,50.33,48.85,0.06641914191419152,153.6660047619048,153.2298931024531,-0.0030784311545239973,7449.727910857144,0.06313624400394224
2017-09-01,81.64446067821069,80.25631216931217,80.01073142135644,76.81748737373736,66.496,81.05892389169473,0.7190828996179727,81.64446067821069,80.25631216931217,79.95089033079181,1.5354130161772581,81.64446067821069,77.44008546118172,79.57323614897507,4.842769273497705,87.95084626022125,69.75616666666669,80.98043633110288,80.32527937734987,78.38257974774903,0.01681785058576724,0.012050034419556585,0.05360774640287104,9,3,2017,-1.0,-1.8369701987210297e-16,0.01729644025967736,0.020418876666064012,51.7,46.37,52.10999999999999,0.08607350096711786,153.1929545454545,153.25211450596188,-0.0019293990105825332,7920.075749999999,0.08397803182893182
2017-10-01,84.15494612794613,81.64446067821069,81.27599882756134,77.44008546118172,69.75616666666669,82.018572991823,1.9760583754657275,84.15494612794613,80.25631216931217,81.07003377525253,1.7687576096167112,84.15494612794613,79.07775342712841,80.77313443741502,3.8766984416145855,87.95084626022125,73.54509999999999,82.56769122952451,81.41946987752023,79.27063611393321,0.02215850434437332,0.014527889776133458,0.05291853547257896,10,4,2017,-0.8660254037844386,0.5000000000000001,0.030748999122305998,0.035421863058156866,56.15,48.48,55.120000000000005,0.024220837043633203,152.8973842105263,153.20549791866028,0.004112371135191806,8585.18812342105,0.028432813249953393
2017-11-01,85.58674558080808,84.15494612794613,80.25631216931217,79.07775342712841,73.54509999999999,83.7953841289883,1.995586677303222,85.58674558080808,81.64446067821069,82.1548658008658,2.2366429672180987,85.58674558080808,80.01073142135644,81.77660490248238,3.3596487045736376,87.95084626022125,76.81748737373736,84.07721840516629,82.61012007845962,80.24234526268319,0.007849687655048806,0.014218316758104607,0.05160888270793889,11,4,2017,-0.5000000000000004,0.8660254037844384,0.017013847892970002,0.06641762208373847,57.51,51.7,58.79,0.09041905755520774,153.526155,153.36113687969922,0.0008709683934402523,8829.28917405,0.09136877808994326
2017-12-01,83.80939393939394,85.58674558080808,81.64446067821069,80.01073142135644,82.29073333333334,84.51702854938272,0.9423759728694947,85.58674558080808,83.80939393939394,82.78797622053872,2.037058522322201,85.58674558080808,80.25631216931217,81.90315995298742,3.4090166891382605,87.95084626022125,76.81748737373736,83.94330617228012,82.95276975301229,80.79112198217716,0.026676725031885565,0.01997934232565593,0.04028701375321346,12,4,2017,-2.4492935982947064e-16,1.0,-0.020766669293857287,0.026516597001185582,62.71,56.15,61.53,0.026471057247647867,153.6598714285714,153.44552635338346,-0.0033145855990720507,9636.010537285712,0.02306873106343077
2018-01-01,81.8830412352747,83.80939393939394,84.15494612794613,81.27599882756134,87.95084626022125,83.75972691849225,1.852351634950017,85.58674558080808,81.8830412352747,82.88914995515762,1.9605842017137245,85.58674558080808,80.25631216931217,81.39750953424188,2.831527849628239,85.58674558080808,76.81748737373736,82.9131737037774,82.64713303365869,80.95910955957677,0.022480324882271654,0.022970881825855494,0.03486181447439261,1,1,2018,0.49999999999999994,0.8660254037844387,-0.02298492583674172,-0.026996688812768177,64.37,57.51,65.38666666666667,0.07317073170731692,153.150552631579,153.53733635338344,0.004250930585847357,9858.301072894741,0.07773270599456761
2018-02-01,79.70976214944477,81.8830412352747,85.58674558080808,80.25631216931217,84.81315816899152,81.80073244137114,2.051054913076028,83.80939393939394,79.70976214944477,82.79805828517972,2.1140642335818964,85.58674558080808,79.70976214944477,80.97222653261298,2.6492622927996767,85.58674558080808,76.81748737373736,81.31146792661109,81.80788420959757,80.76690226571031,0.0029130188328702913,0.025272806037241566,0.034233791414966304,2,1,2018,0.8660254037844386,0.5000000000000001,-0.026541259985513266,-0.06866698098497581,69.08,62.71,66.25666666666666,-0.05442964678633477,153.801585,153.93666809941521,0.0068678204237409,10624.613491799999,-0.04793563940245016
2018-03-01,79.0301866419295,79.70976214944477,83.80939393939394,81.64446067821069,76.81748737373736,80.20766334221632,1.4901758389575075,81.8830412352747,79.0301866419295,82.36234594579952,2.610491744619263,85.58674558080808,79.0301866419295,81.15661813829566,2.398980009471994,85.58674558080808,77.44008546118172,80.1708272842703,81.01425633312098,80.49971524666711,0.009541855378802701,0.02371040294469312,0.01966211064851859,3,1,2018,1.0,6.123233995736766e-17,-0.008525624580853153,-0.057024720891317715,65.32,64.37,66.80666666666666,0.010716472749540795,154.8578666666667,154.79609555555552,0.005624307967563302,10115.315850666668,0.01640105346017351
2018-04-01,78.48334776334777,79.0301866419295,81.8830412352747,84.15494612794613,77.44008546118172,79.07443218490734,0.6144032166737197,79.70976214944477,78.48334776334777,81.41707955169979,2.8476437942682757,85.58674558080808,78.48334776334777,81.24355666347617,2.2673415674008335,85.58674558080808,78.48334776334777,79.32708752380904,80.29113959890006,80.18950486461799,0.01089466122872583,0.01604288075808448,0.019754133643505988,4,2,2018,0.8660254037844387,-0.4999999999999998,-0.006919367166110302,-0.04151889598431735,66.02,69.08,67.81666666666666,0.09224477431081501,155.7288349999999,155.57403388888886,0.0026107239548804895,10281.217686699993,0.09509632390770117
2018-05-01,78.04767700294875,78.48334776334777,79.70976214944477,85.58674558080808,79.07775342712841,78.52040380274201,0.4923018994598341,79.0301866419295,78.04767700294875,80.16056812205657,2.2378207613416956,83.80939393939394,78.04767700294875,81.15771696146119,2.373791315569302,85.58674558080808,78.04767700294875,78.6873822633789,79.65015028577112,79.85999288589964,0.001488836784181709,0.009235071413995412,0.018795080381149073,5,2,2018,0.49999999999999994,-0.8660254037844387,-0.0055511235544221105,-0.020851713788580195,72.11,65.32,71.70333333333333,0.0675357093329636,156.1354,156.58786722222217,0.011297672831828587,11258.923694000001,0.07959637851330159
2018-06-01,78.4268774050024,78.04767700294875,79.0301866419295,83.80939393939394,80.01073142135644,78.3193007237663,0.23692152629835678,78.48334776334777,78.04767700294875,79.26348203299132,1.4072939813291094,81.8830412352747,78.04767700294875,81.02572912676503,2.484801010880712,85.58674558080808,78.04767700294875,78.55712983419065,79.30064374840863,79.63951358114622,0.006441451504838928,0.011739753656784126,0.018471815349037187,6,2,2018,1.2246467991473532e-16,-1.0,0.004858573843771419,-0.00763390879564263,76.98,66.02,74.5,-0.03338529488178754,157.8993666666667,157.70194152046784,0.007420493525750471,12155.093246000004,-0.026212536720562674
2018-07-01,77.49800952380951,78.4268774050024,78.48334776334777,81.8830412352747,81.27599882756134,77.99085464392022,0.46703369315249577,78.4268774050024,77.49800952380951,78.53264341441378,0.7684313889228053,79.70976214944477,77.49800952380951,80.71089668478571,2.681745255613825,85.58674558080808,77.49800952380951,78.02756967900008,78.78560539852317,79.31005141847903,0.00843530582863763,0.010239590394044205,0.0178282069900678,7,3,2018,-0.4999999999999997,-0.8660254037844388,-0.011843744286746727,-0.012554742727200696,74.41,72.11,75.21333333333332,-0.0021502486224969086,159.0710578947368,158.7692939014202,0.0016747185292282918,11836.477417947366,-0.0004791311544791732
2018-08-01,76.88685120593692,77.49800952380951,78.04767700294875,79.70976214944477,80.25631216931217,77.60391271158295,0.7754558577604429,78.4268774050024,76.88685120593692,78.06215825716248,0.7677655599685084,79.0301866419295,76.88685120593692,80.4301082711711,2.901095481491478,85.58674558080808,76.88685120593692,77.4572104424685,78.2431042006414,78.93725138578026,0.008727899494074225,0.005710306177361683,0.01767076233917573,8,3,2018,-0.8660254037844385,-0.5000000000000004,-0.007886116322572523,-0.014873290808744555,74.25,76.98,73.73,-0.023164983164983166,159.3374571428571,159.58745955798585,0.00637895515424991,11830.806192857139,-0.016933796399491552
2018-09-01,77.2879710550887,76.88685120593692,78.4268774050024,79.0301866419295,81.64446067821069,77.2242772616117,0.310517788330004,77.49800952380951,76.88685120593692,77.77178899268901,0.6486479456537089,78.48334776334777,76.88685120593692,80.06706746924426,3.0060045356204226,85.58674558080808,76.88685120593692,77.3725907487786,77.97020901619777,78.68351595028925,0.00892957979220161,0.007076673257171155,0.01670046070226404,9,3,2018,-1.0,-1.8369701987210297e-16,0.005217014910357198,-0.014521888255633275,72.53,74.41,75.22333333333334,0.08768785330208195,160.3538636363636,161.36885955798584,0.025327698168740698,11630.465729545453,0.11523648295232247
2018-10-01,78.74212669552671,77.2879710550887,77.49800952380951,78.48334776334777,84.15494612794613,77.63898298551744,0.9761756076870415,78.74212669552671,76.88685120593692,77.81491881471884,0.7110272949979993,78.74212669552671,76.88685120593692,79.61599918320933,2.7302990327645804,85.58674558080808,76.88685120593692,78.05735872215266,78.19075692457747,78.69253298801809,0.013351208269895692,0.011277654775522571,0.014643668762623963,10,4,2018,-0.8660254037844386,0.5000000000000001,0.01881477312169988,0.016053537108394522,78.89,74.25,77.48333333333333,0.02712637850171129,164.4152578947368,165.33133293460924,0.04141719853245118,12970.719695315787,0.0696670756380342
2018-11-01,80.48895975135974,78.74212669552671,76.88685120593692,78.04767700294875,85.58674558080808,78.83968583399172,1.6027228386513934,80.48895975135974,77.2879710550887,78.22179927278732,1.313834645977631,80.48895975135974,76.88685120593692,79.19118369742195,2.0213966849455436,83.80939393939394,76.88685120593692,79.2731592367562,78.84738630365811,78.9689063362245,0.008982746913619782,0.013679729355570752,0.015419467211379689,11,4,2018,-0.5000000000000004,0.8660254037844384,0.022184225003060165,0.04684947411586382,81.03,72.53,74.89,-0.2009132420091324,171.2248772727273,170.82992575757575,0.03285016127403417,13874.351805409093,-0.1746631131371874
2018-12-01,82.37184370982553,80.48895975135974,77.2879710550887,78.4268774050024,83.80939393939394,80.53431005223733,1.8152834181780886,82.37184370982553,78.74212669552671,78.87929365692453,2.154893314431266,82.37184370982553,76.88685120593692,79.07138784495793,1.7467634969548762,82.37184370982553,76.88685120593692,80.82250147329086,79.85437413399166,79.49243516293235,0.002372597988110527,0.015546044510128131,0.01654201547564465,12,4,2018,-2.4492935982947064e-16,1.0,0.02339307110294686,0.06577831692739333,64.75,78.89,67.71333333333334,-0.11413127413127411,176.8496421052631,176.0574964593301,0.018367738017832425,11451.014326315784,-0.0978598694563263
2019-01-01,85.22789494949495,82.37184370982553,78.74212669552671,77.49800952380951,81.8830412352747,82.69623280356006,2.386063267419594,85.22789494949495,80.48895975135974,80.16760789453876,3.214221431373287,85.22789494949495,76.88685120593692,79.35012565447627,2.3860933762249106,85.22789494949495,76.88685120593692,83.0251982113929,81.38966579556403,80.3748135916343,0.0068878107510980755,0.015075056826506478,0.01798625089892695,1,1,2019,0.49999999999999994,0.8660254037844387,0.03467266375304834,0.08236719690143568,57.36,81.03,60.50666666666666,0.0357391910739191,180.09797,179.6917828229665,0.011270345599322384,10330.4195592,0.04741232970808462
2019-02-01,82.76564444444445,85.22789494949495,80.48895975135974,76.88685120593692,79.70976214944477,83.45512770125497,1.5478364067201256,85.22789494949495,82.37184370982553,81.14740676762335,2.8942180817674927,85.22789494949495,77.2879710550887,79.6047825123929,2.5829174205187773,85.22789494949495,76.88685120593692,82.89542132791868,81.78280255238701,80.74263372283585,0.03391412227725003,0.022405852590920084,0.018351852493998275,2,1,2019,0.8660254037844386,0.5000000000000001,-0.028890195006102237,0.028285676695507744,59.41,64.75,60.24333333333333,0.07658643326039405,182.1277363636364,180.31958915824916,-0.018638980093331092,10820.208817363637,0.056519960162103144
2019-03-01,78.11770043290043,82.76564444444445,82.37184370982553,77.2879710550887,79.0301866419295,82.03707994227995,3.6106538454012407,85.22789494949495,78.11770043290043,81.28569499725863,2.6852048775796558,85.22789494949495,78.11770043290043,79.52874199497381,2.6146084912335223,85.22789494949495,76.88685120593692,80.50656088040955,80.73563051824799,80.33879783207655,0.0466082143262927,0.036197161670826566,0.025064315838134028,3,1,2019,1.0,6.123233995736766e-17,-0.056157890665176846,-0.05164559982305761,63.96,57.36,63.169999999999995,0.03408380237648534,178.7330611111111,179.76351845649478,-0.001696962019722581,11431.766588666667,0.032329001438642146
2019-04-01,76.77043232323231,78.11770043290043,85.22789494949495,78.74212669552671,78.48334776334777,79.21792573352572,3.1453956632960605,82.76564444444445,76.77043232323231,80.9570792685429,3.1407500282515852,85.22789494949495,76.77043232323231,79.38599904163087,2.7214446318034784,85.22789494949495,76.77043232323231,78.63849660182093,79.60271674824351,79.78981852302358,0.01997158273239854,0.035906469260019114,0.025472167990698198,4,2,2019,0.8660254037844387,-0.4999999999999998,-0.017246643234529957,-0.09923350367006523,66.14,59.41,67.11,0.07695796794677956,178.4297578947368,177.321334668616,-0.020336142006522562,11801.344187157893,0.05505679777555805
2019-05-01,78.09063838383837,76.77043232323231,82.76564444444445,80.48895975135974,78.04767700294875,77.65959037999038,0.7701523395053712,78.11770043290043,76.77043232323231,80.55735904062267,3.357387186468018,85.22789494949495,76.77043232323231,79.389579156705,2.719551588565136,85.22789494949495,76.77043232323231,78.36456749282965,79.17069435841347,79.52840619391817,0.03670001683819123,0.03523966037491472,0.025987465495444482,5,2,2019,0.49999999999999994,-0.8660254037844387,0.01719680377788535,-0.056484862674441305,71.23,63.96,69.56333333333333,0.0012635125649302914,174.801185,176.55854286967417,0.009402114260756766,12451.088407550002,0.010677506515192503
2019-06-01,79.31474545454545,78.09063838383837,78.11770043290043,82.37184370982553,78.4268774050024,78.05860538720538,1.2724590021668625,79.31474545454545,76.77043232323231,80.04784266474266,3.2574326051383022,85.22789494949495,76.77043232323231,79.46356816083359,2.7030064443303106,85.22789494949495,76.77043232323231,78.83965647368754,79.21185181445118,79.49553531093775,0.01946163202261957,0.0341414251964097,0.026342881257205002,6,2,2019,1.2246467991473532e-16,-1.0,0.015675465024248325,0.015323608030080482,71.32,66.14,68.92333333333333,-0.09955131800336503,176.4446857142857,175.94491129072682,0.0008171254522364446,12584.034985142855,-0.09881553846687285
2019-07-01,79.85134545454547,79.31474545454545,76.77043232323231,85.22789494949495,77.49800952380951,79.08557643097643,0.9024473271219686,79.85134545454547,78.09063838383837,79.15175108225107,2.070851255917007,82.76564444444445,76.77043232323231,79.65967948839491,2.6318696579249736,85.22789494949495,76.77043232323231,79.3455009641165,79.39456428304955,79.55027533303124,0.0056349497775507705,0.02904721513932474,0.026047396388998133,7,3,2019,-0.4999999999999997,-0.8660254037844388,0.006765450698036135,0.0401315068585435,64.22,71.23,66.48666666666668,-0.004671441918405406,176.5888631578947,176.34124053315102,-0.0033903068399432357,11340.536791999997,-0.008045911136860373
2019-08-01,80.64629696969696,79.85134545454547,78.09063838383837,82.76564444444445,76.88685120593692,79.93746262626263,0.6699399113513003,80.64629696969696,79.31474545454545,78.7985265031265,1.404774798838242,80.64629696969696,76.77043232323231,79.97296663537493,2.491826059014566,85.22789494949495,76.77043232323231,79.99589896690674,79.75220219352025,79.71889404636443,0.004514482469537206,0.028435855963344733,0.0258899825916197,8,3,2019,-0.8660254037844385,-0.5000000000000004,0.00995539286941649,0.03272682409505712,63.92,71.32,62.393333333333345,-0.07634543178973718,175.9901727272727,176.8498419617225,0.011252430985428719,11249.29184072727,-0.0659520725065752
2019-09-01,82.65011515151515,80.64629696969696,79.31474545454545,78.11770043290043,77.2879710550887,81.04925252525253,1.4422405621050725,82.65011515151515,79.85134545454547,79.55392895622894,2.040312474050601,82.65011515151515,76.77043232323231,80.41981197674379,2.4469469287684587,85.22789494949495,76.77043232323231,81.32300705921094,80.58017732437594,80.16985113946454,0.009651233302841325,0.014532510160315985,0.026564663734843837,9,3,2019,-1.0,-1.8369701987210297e-16,0.024846995548613027,0.04205232807411807,59.04,64.22,61.93000000000001,0.06419376693766932,177.97049,178.2452809090909,0.015759298072393957,10507.3777296,0.0809647137176237
2019-10-01,87.85226666666668,82.65011515151515,79.85134545454547,76.77043232323231,78.74212669552671,83.71622626262626,3.7194010935007773,87.85226666666668,80.64629696969696,81.40090134680135,3.50602590236241,87.85226666666668,78.09063838383837,81.17899030767212,3.181960172761354,87.85226666666668,76.77043232323231,84.58763686293881,82.657917136459,81.35176122057256,0.027326858611112288,0.020590035114314398,0.031165531601662935,10,4,2019,-0.8660254037844386,0.5000000000000001,0.06294185441381273,0.10019770069717415,62.83,63.92,60.52666666666667,-0.049657806780200486,180.77518,180.06559724637683,0.003739129116787643,11358.1045594,-0.0461043546146207
2019-11-01,91.97043636363637,87.85226666666668,80.64629696969696,78.09063838383837,80.48895975135974,87.4909393939394,4.6706546567680345,91.97043636363637,82.65011515151515,83.71420101010101,5.101179975946407,91.97043636363637,79.31474545454545,82.13578002536184,4.435060550934957,91.97043636363637,76.77043232323231,88.27903661328759,85.31863691565255,82.98540355027468,0.01912506172684057,0.022429632889085102,0.03284116780803866,11,4,2019,-0.5000000000000004,0.8660254037844384,0.04687607791151294,0.1404173510681399,59.71,59.04,61.91666666666668,0.05861664712778425,181.4511217391305,180.86641286041194,-0.005942012850024159,10834.446479043483,0.05232633340730164
2019-12-01,99.18148282828284,91.97043636363637,82.65011515151515,79.31474545454545,82.37184370982553,93.00139528619529,5.734539382910931,99.18148282828284,87.85226666666668,87.02532390572391,7.539370987200746,99.18148282828284,79.85134545454547,83.53658328523328,6.628592636196638,99.18148282828284,76.77043232323231,93.73025972078521,89.27945003354691,85.47710805458362,0.01576598482025633,0.02921677617407355,0.03805276719817711,12,4,2019,-2.4492935982947064e-16,1.0,0.07840613516429507,0.20001626914205972,63.21,62.83,63.410000000000004,0.06486315456415137,180.3729368421053,181.02598952707862,0.00488417593746826,11401.373337789477,0.07006413356037
2020-01-01,99.88531144781147,99.18148282828284,87.85226666666668,79.85134545454547,85.22789494949495,97.01241021324357,4.380635673792834,99.88531144781147,91.97043636363637,90.36431823793491,8.139171803994207,99.88531144781147,80.64629696969696,84.758034660093,8.145482292532094,99.88531144781147,76.77043232323231,96.80778558429834,92.30969615190821,87.69375473046483,0.035734325259113194,0.02914557030231402,0.037670051927362946,1,1,2020,0.49999999999999994,0.8660254037844387,0.0070963712122271705,0.13696908728378232,67.31,59.71,64.72333333333334,-0.05437527856187796,181.25391,181.01016323308272,0.0008260944944189497,12200.2006821,-0.05359410318571145
2020-02-01,95.2663404882155,99.88531144781147,91.97043636363637,80.64629696969696,82.76564444444445,98.1110449214366,2.4885942147536158,99.88531144781147,95.2663404882155,92.80099215768799,6.711127987153307,99.88531144781147,82.65011515151515,85.79975933040726,8.651170644372295,99.88531144781147,76.77043232323231,96.03706303625692,93.15445167656745,88.85876792396493,0.0625399698638623,0.044879964179461794,0.039740456731328686,2,1,2020,0.8660254037844386,0.5000000000000001,-0.046242744730383256,0.03583656069160823,63.65,63.21,62.20666666666668,-0.1255302435192459,181.4036428571429,181.40678428571428,0.0008773646457720385,11546.341867857145,-0.12476301467111273
2020-03-01,93.29489314655184,95.2663404882155,99.18148282828284,82.65011515151515,78.11770043290043,96.14884836085962,3.3826791830368683,99.88531144781147,93.29489314655184,94.57512182352745,4.550046418770771,99.88531144781147,87.85226666666668,87.06452538987821,8.534623027801164,99.88531144781147,76.77043232323231,94.66597809140438,93.19457781084871,89.54124872743984,0.02667740819122023,0.04934875923975996,0.03523274063212423,3,1,2020,1.0,6.123233995736766e-17,-0.020694059744087,-0.05935170067907436,55.66,67.31,50.440000000000005,-0.424901185770751,181.5628,182.6743742857143,0.01924336923642933,10105.785448,-0.4138343469411049
2020-04-01,91.36631128675818,93.29489314655184,99.88531144781147,87.85226666666668,76.77043232323231,93.3091816405085,1.9500538617810066,95.2663404882155,91.36631128675818,95.16079592687605,3.648457502386356,99.88531144781147,91.36631128675818,88.28084863683868,7.954537844058135,99.88531144781147,78.09063838383837,93.01614468908127,92.67221594682285,89.82202758271957,0.014756943889141302,0.04702159645065312,0.03553442642339618,4,2,2020,0.8660254037844387,-0.4999999999999998,-0.020671890976542096,-0.08528781697301258,32.01,63.65,35.35,-0.42580443611371444,185.05668,186.5682951851852,0.043385224221874186,5923.6643268,-0.4008928328273026
2020-05-01,92.08105589004695,91.36631128675818,95.2663404882155,91.97043636363637,78.09063838383837,92.24742010778566,0.9749947626457096,93.29489314655184,91.36631128675818,95.17923251461114,3.6293408723537035,99.88531144781147,91.36631128675818,89.44671676235608,7.325618830651154,99.88531144781147,79.31474545454545,92.54860028956412,92.5033130734583,90.16957039923147,0.016457847498092443,0.04300603066883368,0.03558903682914153,5,2,2020,0.49999999999999994,-0.8660254037844387,0.007822846224419866,-0.03343557212174608,18.38,55.66,26.590000000000007,0.5984766050054406,193.0854055555556,188.66904420479304,-0.027036525529787192,3548.909754111112,0.5552593514654436
2020-06-01,93.7888979076479,92.08105589004695,93.29489314655184,99.18148282828284,79.31474545454545,92.41208836148435,1.24475634434427,93.7888979076479,91.36631128675818,94.28046836117198,3.0636232328299475,99.88531144781147,91.36631128675818,90.65289613344794,6.667771020398714,99.88531144781147,79.85134545454547,93.16874909860601,92.8706230260839,90.72639001591094,0.0202694139433894,0.024334954454992293,0.03560805635073199,6,2,2020,1.2246467991473532e-16,-1.0,0.01854715935968687,0.005295088985417973,29.38,32.01,29.343333333333344,0.37066031313818937,187.8650470588235,188.9683254746343,-0.010169657843278723,5519.475082588235,0.3567211667342125
2020-07-01,92.94321904761905,93.7888979076479,91.36631128675818,99.88531144781147,79.85134545454547,92.9377242817713,0.8539342677319824,93.7888979076479,92.08105589004695,93.1234529611399,1.3616753246612336,95.2663404882155,91.36631128675818,91.7438855995374,5.747251200562349,99.88531144781147,80.64629696969696,93.05598407311254,92.89136474652251,91.06744063617373,0.013894599623231649,0.023055672601448605,0.03621158903063036,7,3,2020,-0.4999999999999997,-0.8660254037844388,-0.009016833323508777,0.017259181624523112,40.27,18.38,37.63000000000002,0.07375217283337476,185.9545238095238,186.55608884017374,-0.0005691077322663718,7488.388673809524,0.07314109216927722
2020-08-01,91.39206218671679,92.94321904761905,92.08105589004695,95.2663404882155,80.64629696969696,92.70805971399459,1.2155987423583652,93.7888979076479,91.39206218671679,92.47773991089012,1.017337058151385,93.7888979076479,91.36631128675818,92.63936603428907,4.5794456174439055,99.88531144781147,82.65011515151515,92.22402312991466,92.46299258657801,91.11738241318035,0.018530372059713352,0.0163981175434334,0.03723911415956429,8,3,2020,-0.8660254037844385,-0.5000000000000004,-0.01668929564519972,-0.007482469620601284,43.24,29.38,42.75000000000002,0.034690101757631764,185.8486956521739,185.56569148723258,-0.0051377312540353826,8036.097599999999,0.029374142083590682
2020-09-01,93.26913313833951,91.39206218671679,93.7888979076479,93.29489314655184,82.65011515151515,92.53480479089178,1.0029708336623813,93.26913313833951,91.39206218671679,92.47344657618807,1.0132449538984867,93.7888979076479,91.36631128675818,93.52428419985775,3.3289235945748947,99.88531144781147,87.85226666666668,92.74657813412708,92.69331845850986,91.44842098628176,0.0196567003715895,0.017967452917646752,0.037115110617938776,9,3,2020,-1.0,-1.8369701987210297e-16,0.020538665029658842,-0.0055418581612951545,44.74,40.27,42.963333333333345,-0.08560572194903904,184.893855,185.25809307453414,0.0007456903931635228,8272.1510727,-0.08492386692033271
2020-10-01,96.15059797979798,93.26913313833951,92.94321904761905,91.36631128675818,87.85226666666668,93.6039311016181,2.396869412518678,96.15059797979798,91.39206218671679,93.27082769169469,1.6500982224566734,96.15059797979798,91.39206218671679,94.21581180928536,2.8744370396236048,99.88531144781147,91.36631128675818,94.44858805696254,93.68111260744934,92.17183283143811,0.025024435668014027,0.018379163364982125,0.03404354740869568,10,4,2020,-0.8660254037844386,0.5000000000000001,0.03089408837095764,0.03450901491302605,40.91,43.24,41.94666666666667,-0.017599608897580055,185.0317285714285,184.78783119047617,-0.003209279705773671,7569.6480158571385,-0.020752406535689105
2020-11-01,95.24406415343915,96.15059797979798,91.39206218671679,92.08105589004695,91.97043636363637,94.88793175719222,1.4733745691031712,96.15059797979798,93.26913313833951,93.7979957355934,1.6985163545687212,96.15059797979798,91.39206218671679,94.48861412510227,2.7962443967760344,99.88531144781147,91.36631128675818,94.84632610520084,94.12767019201786,92.64448380405366,0.020940967078516202,0.01983249066012081,0.03202972954368192,11,4,2020,-0.5000000000000004,0.8660254037844384,-0.009428270290625651,0.04214810208410236,40.19,44.74,41.26333333333334,0.06220452848967395,184.43791,184.75261285714282,0.0018992299359714693,7412.559602899999,0.06422189912830611
2020-12-01,97.21721416931658,95.24406415343915,93.26913313833951,93.7888979076479,99.18148282828284,96.2039587675179,0.9876567098622413,97.21721416931658,95.24406415343915,94.36938177920484,2.198038620940155,97.21721416931658,91.39206218671679,94.3249250701884,2.542538499701832,99.88531144781147,91.36631128675818,96.03177013725872,95.01039704267464,93.34798078332489,0.02096900149348906,0.02012879097635095,0.02272216490322851,12,4,2020,-2.4492935982947064e-16,1.0,0.020716776771502188,0.042329985260194825,42.69,40.91,44.29000000000001,0.17100023424689637,184.7882,185.46943825396826,0.012955398461075074,7888.608257999999,0.18617100887957694
2021-01-01,101.36,97.21721416931658,96.15059797979798,92.94321904761905,99.88531144781147,97.94042610758525,3.1214490946593467,101.36,95.24406415343915,95.77217860460166,3.440483636572365,101.36,91.39206218671679,94.44781578287079,2.852473875580649,101.36,91.36631128675818,98.69588506862937,96.82456931619616,94.58059912435183,0.026129698113963547,0.02314797323732404,0.026008907517744383,1,1,2021,0.49999999999999994,0.8660254037844387,0.04261370649305185,0.05417961125209603,49.99,40.19,49.15000000000001,0.095619123824765,187.1822047619048,187.48740334168755,0.01768117062977681,9357.238416047621,0.11499095249835745
2021-02-01,104.23,101.36,95.24406415343915,91.39206218671679,95.2663404882155,100.93573805643886,3.5255907199107788,104.23,97.21721416931658,97.91183490681554,4.100370389128846,104.23,93.26913313833951,95.19478740885283,4.020721615059766,104.23,91.36631128675818,101.46294253431469,98.94040665442583,96.06512233599001,0.011118023246258687,0.01752125869300513,0.02218246834208234,2,1,2021,0.8660254037844386,0.5000000000000001,0.028314917127071793,0.09434641335846838,54.77,42.69,55.68000000000001,0.13711886069015877,190.4918052631579,190.58017186020606,0.018765638172514976,10433.236174263158,0.1584576217890128
2021-03-01,108.58,104.23,97.21721416931658,93.26913313833951,93.29489314655184,104.72333333333334,3.635193713315679,108.58,101.36,100.46364605042562,5.239271184215168,108.58,95.24406415343915,96.46854631330685,5.5096032055284905,108.58,91.36631128675818,105.02147126715735,101.69457618173274,97.99048813045309,0.008013704196788955,0.019161197203098664,0.022226797468564846,3,1,2021,1.0,6.123233995736766e-17,0.04173462534778838,0.1168803892168071,62.28,49.99,60.820000000000014,0.05025690430314711,194.0665055555555,193.84694906078323,0.015025935566434168,12086.461965999997,0.06603799687540879
2021-04-01,111.21,108.58,101.36,96.15059797979798,91.36631128675818,108.00666666666666,3.525143023102693,111.21,104.23,102.97354638712595,6.266321952432933,111.21,95.24406415343915,98.12218703941032,6.690402386488979,111.21,91.39206218671679,108.11573563357868,104.41326870123767,100.02425918730646,0.009160990117867323,0.01899989711796266,0.019686588728894863,4,2,2021,0.8660254037844387,-0.4999999999999998,0.02422177196537101,0.09717837411207575,65.41,54.77,64.16666666666667,-0.009172909341079283,196.9825363636363,196.15736212121212,0.0022362798699830932,12884.627703545451,-0.0069571426636049205
2021-05-01,114.36,111.21,104.23,95.24406415343915,92.08105589004695,111.38333333333333,2.89389587465226,114.36,108.58,106.15953569488609,6.408388520057059,114.36,97.21721416931658,99.97876571523976,7.851954109121585,114.36,91.39206218671679,111.23786781678933,107.25519192945546,102.2297577738747,0.009159316361113183,0.009123211391679003,0.019736739234054657,5,2,2021,0.49999999999999994,-0.8660254037844387,0.02832479093606688,0.09718890914324096,64.81,62.28,66.25000000000001,0.057398549606542115,197.4230444444445,197.99676582491585,0.010949442241179108,12794.987510444449,0.06897647395136564
2021-06-01,119.25,114.36,108.58,97.21721416931658,93.7888979076479,114.94,4.0512590635499794,119.25,111.21,109.83166666666666,6.570008878735741,119.25,101.36,102.10052422293576,9.328493564695211,119.25,91.39206218671679,115.24393390839467,110.68227994961104,104.84825657789398,0.009737013132399785,0.008582173980074968,0.02095354144302917,6,2,2021,1.2246467991473532e-16,-1.0,0.04275970619097591,0.09826855774544119,68.53,65.41,68.83333333333334,0.06756165183131468,199.5847166666667,198.94127433862437,0.0011591330336258032,13677.540633166669,0.06879909780738469
2021-07-01,122.25,119.25,111.21,101.36,92.94321904761905,118.62,3.9825494347208883,122.25,114.36,113.31333333333333,6.716233071198951,122.25,104.23,104.54275596896751,10.47854908091624,122.25,91.39206218671679,118.74696695419733,113.98734282115075,107.52544787360259,0.009383027908702282,0.00830152991706075,0.01880151622472131,7,3,2021,-0.4999999999999997,-0.8660254037844388,0.02515723270440251,0.09927164823307266,73.16,64.81,72.28666666666668,0.027474029524330312,199.8160619047619,199.79284952380954,0.0008092847676837156,14618.543088952381,0.02830554860561496
2021-08-01,125.54,122.25,114.36,104.23,91.39206218671679,122.34666666666665,3.1461140051385286,125.54,119.25,116.86500000000001,6.585398241564429,125.54,108.58,107.38841745340777,11.194844340095951,125.54,93.26913313833951,122.14348347709867,117.28810201510768,110.29691743150988,0.009695997697990854,0.008436360734370015,0.013971249483504311,8,3,2021,-0.8660254037844385,-0.5000000000000004,0.02691206543967284,0.09776145505421474,75.17,68.53,73.02666666666669,-0.05880005321271786,199.97777,200.09678639249637,0.002594074695038806,15032.3289709,-0.05635851024778504
2021-09-01,129.89,125.54,119.25,108.58,93.26913313833951,125.89333333333332,3.832236074843048,129.89,122.25,120.41666666666667,6.959320848090463,129.89,111.21,110.44015635854616,11.961223870105188,129.89,95.24406415343915,126.01674173854933,120.88864429650548,113.31123782666221,0.00505104619558095,0.007112431941952891,0.013981330689313216,9,3,2021,-1.0,-1.8369701987210297e-16,0.03465031065795743,0.08922431865828084,70.75,73.16,73.47000000000001,0.0528621908127207,200.4965272727273,200.8200467099567,0.007428136560139409,14185.129304545457,0.06068299494508511
2021-10-01,133.25,129.89,122.25,111.21,96.15059797979798,129.55999999999997,3.8655788699746956,133.25,125.54,124.08999999999999,6.944525901744473,133.25,114.36,113.53177319356298,12.703542790074268,133.25,95.24406415343915,129.63337086927467,124.42046021178963,116.3787396994834,0.004797545606112652,0.006856459460656321,0.01396439728479633,10,4,2021,-0.8660254037844386,0.5000000000000001,0.025868042189545193,0.08997955010224956,74.49,75.17,76.26,0.12149281782789645,201.9858428571428,201.19074267486897,-0.004435880008876181,15045.925434428567,0.11651801025719566
2021-11-01,135.58,133.25,125.54,114.36,95.24406415343915,132.90666666666667,2.8604952951067646,135.58,129.89,127.62666666666667,6.378578734065026,135.58,119.25,116.89310118077638,12.761026201724547,135.58,97.21721416931658,132.60668543463734,127.6089001512783,119.33277974571672,0.00858296834554289,0.008746862104882947,0.008596982180042645,11,4,2021,-0.5000000000000004,0.8660254037844384,0.017485928705440967,0.07997451011629764,83.54,70.75,79.69333333333334,-0.029806080919320244,201.0898578947368,201.64462025062653,0.0038206904779125583,16799.046728526315,-0.02609927025096004
2021-12-01,138.8,135.58,129.89,119.25,97.21721416931658,135.8766666666667,2.7868680150533964,138.8,133.25,130.88500000000002,6.235475122234071,138.8,122.25,120.35833333333333,12.576888496064031,138.8,101.36,135.70334271731866,130.8063572509131,122.32773670791414,0.0043585737237294775,0.005534447504515146,0.008343402298990466,12,4,2021,-2.4492935982947064e-16,1.0,0.023749815607021718,0.06859650473477585,81.05,74.49,79.58666666666669,-0.0848858729179518,201.85816,201.44899726926008,-0.0022747957623144854,16360.603868,-0.08696757065627225
2022-01-01,140.2214085789637,138.8,133.25,122.25,101.36,138.20046952632123,2.378076111243216,140.2214085789637,135.58,133.88023476316062,5.535024163175298,140.2214085789637,125.54,123.59678404824699,12.238960513795666,140.2214085789637,104.23,137.96237564814118,133.49637191607042,125.08060930346022,0.006760497964339878,0.008401067123514615,0.009142308443601189,1,1,2022,0.49999999999999994,0.8660254037844387,0.010240695813859446,0.05231826325676314,74.17,83.54,80.57666666666667,0.1663745449642713,201.3989739130434,201.5739358657513,0.0003262170103979223,14937.761895130428,0.16675503618133392
2022-02-01,140.81790342570906,140.2214085789637,135.58,125.54,104.23,139.94643733489093,1.0366727775273703,140.81790342570906,138.8,136.4265520007788,4.309334151671167,140.81790342570906,129.89,126.6457760003894,11.511465052449251,140.81790342570906,108.58,139.39013953692512,135.58823806168147,127.50173147611389,0.00998687658866002,0.011047931782984232,0.011315894426776541,2,1,2022,0.8660254037844386,0.5000000000000001,0.004253949898167297,0.03863330451179414,86.51,81.05,85.93666666666668,0.12276037452317645,201.4646736842105,201.53328253241796,0.0013477614254848724,17428.708920421053,0.1242735876460217
2022-03-01,146.14066504322906,140.81790342570906,138.8,129.89,108.58,142.39332568263396,3.2589669740796103,146.14066504322906,140.2214085789637,139.1349961746503,4.482750611812865,146.14066504322906,133.25,129.77583142065848,11.256366187751402,146.14066504322906,111.21,142.76540229007708,138.6032171992665,130.36925971720854,0.01789114874446844,0.011956069171120402,0.010848261845786251,3,1,2022,1.0,6.123233995736766e-17,0.03779889835050776,0.05288663575813435,97.13,74.17,100.29666666666667,0.20714506331720384,201.7362,219.66964519632413,0.2680325192244224,19594.637106,0.5306991957074387
2022-04-01,183.50997373088245,146.14066504322906,140.2214085789637,133.25,111.21,156.8228473999402,23.264457476201425,183.50997373088245,140.81790342570906,147.51165846313071,17.966468166044777,183.50997373088245,135.58,135.80082923156536,17.839752208068646,183.50997373088245,114.36,163.13768801047976,151.4337190654425,138.54475418085067,0.13652752864175485,0.09744768828761026,0.06741973513182738,4,2,2022,0.8660254037844387,-0.4999999999999998,0.2557078050561723,0.3087158058859565,117.25,86.51,106.32000000000001,-0.1080597014925373,255.8080619047619,258.99489841269843,0.24875045358133385,29993.495258333332,0.11381085232866428
2022-05-01,192.34136503405585,183.50997373088245,140.81790342570906,135.58,114.36,173.99733460272247,24.52537252107583,192.34136503405585,146.14066504322906,156.97188596880667,24.26657199773822,192.34136503405585,138.8,142.29927631773668,22.825801994498445,192.34136503405585,119.25,177.7395265222678,163.12161791361774,146.82115585057454,0.1229373805641813,0.09567371269348059,0.0672323373465824,5,2,2022,0.49999999999999994,-0.8660254037844387,0.04812485732314831,0.3658871518104152,104.58,97.13,111.72333333333334,0.08376362593230069,319.4404333333334,311.3958422723476,0.12364933841796266,33407.080518,0.2177702812802822
2022-06-01,223.48785836778987,192.34136503405585,146.14066504322906,138.8,119.25,199.77973237757604,21.001304639553368,223.48785836778987,183.50997373088245,171.086529030105,34.18523317059255,223.48785836778987,140.2214085789637,150.9857645150525,31.458551942796827,223.48785836778987,122.25,200.61369244502885,180.36911518623836,158.61603316091535,0.1039524763724348,0.10074291689619573,0.07504816384905201,6,2,2022,1.2246467991473532e-16,-1.0,0.161933411090325,0.5292653711523836,113.34,117.25,113.54333333333334,0.08267160755249692,358.9390315789474,346.20742481203007,0.0036323103094331177,40682.1498391579,0.08660420679434022
2022-07-01,226.17069666777664,223.48785836778987,183.50997373088245,140.2214085789637,122.25,213.99997335654078,18.804810320396058,226.17069666777664,192.34136503405585,185.4114103782405,36.58837887822196,226.17069666777664,140.81790342570906,159.64582257070055,36.6966879703592,226.17069666777664,125.54,213.39219455640273,193.45528132382074,169.00905831581707,0.0782472381058035,0.10047867778004735,0.07563318131438809,7,3,2022,-0.4999999999999997,-0.8660254037844388,0.012004402921843127,0.23247086831071195,122.71,104.58,115.99333333333334,-0.08784940102681105,360.2428095238095,360.018083700919,0.0017477114311394981,44205.395156666666,-0.08625522499806482
2022-08-01,224.36766993313594,226.17069666777664,192.34136503405585,140.81790342570906,125.54,224.6754083229008,1.3676375701787904,226.17069666777664,223.48785836778987,199.33637146281163,31.809210595749086,226.17069666777664,146.14066504322906,167.8814617317952,39.34106962544379,226.17069666777664,129.89,218.87993224476935,202.28739235505364,177.5257677954046,0.09286693231702486,0.1025853863947919,0.07745491702128963,8,3,2022,-0.8660254037844385,-0.5000000000000004,-0.00797197320963805,0.16650763029268045,111.93,113.34,111.69666666666667,-0.10256410256410264,360.8724100000001,360.704498932179,0.0003487860785122976,40392.44885130002,-0.10225108941671979
2022-09-01,209.45682916140083,224.36766993313594,223.48785836778987,146.14066504322906,129.89,219.9983985874378,9.173671065850353,226.17069666777664,209.45682916140083,209.8890654825069,18.240689514019007,226.17069666777664,183.50997373088245,174.51203082857865,39.05998185289784,226.17069666777664,133.25,214.1683807030851,204.33580287115282,182.43823877478863,0.04077538625723576,0.1195283134083714,0.08467505238009708,9,3,2022,-1.0,-1.8369701987210297e-16,-0.06645717173146515,-0.06278206480147319,100.45,122.71,100.71333333333335,-0.10642110502737678,360.9982772727273,361.41775333333334,0.003834631746730821,36262.27695204546,-0.10299455902850607
2022-10-01,202.70081146826584,209.45682916140083,226.17069666777664,183.50997373088245,133.25,212.1751035209342,11.086250518297252,224.36766993313594,202.70081146826584,213.0875384387375,13.842304059342245,226.17069666777664,192.34136503405585,180.29959845093413,37.50467231970097,226.17069666777664,135.58,208.43459608567548,203.868662470328,185.5555576507082,0.029382459493562354,0.07998040194694161,0.08739776714833966,10,4,2022,-0.8660254037844386,0.5000000000000001,-0.03225494112645533,-0.10377067208660473,89.76,111.93,94.51333333333334,0.03977272727272729,362.3825727272725,362.1764236842105,0.002113369634735518,32527.45972799998,0.04197015138157134
2022-11-01,196.55158888162487,202.70081146826584,224.36766993313594,192.34136503405585,135.58,202.90307650376386,6.454997291101148,209.45682916140083,196.55158888162487,213.78924241333235,12.634290596364279,226.17069666777664,196.55158888162487,185.3805641910695,34.9377303954113,226.17069666777664,138.8,202.49309248365017,201.7780700164128,187.24725476315695,0.0203231390789796,0.0807219636097784,0.08951850922645231,11,4,2022,-0.5000000000000004,0.8660254037844384,-0.030336447802547073,-0.12397544200463717,93.33,100.45,91.50333333333334,-0.02046501660773592,363.1484210526316,362.9750137996505,0.0006763806536844719,33892.64213684211,-0.019802478095362508
2022-12-01,193.82964814106347,196.55158888162487,209.45682916140083,223.48785836778987,138.8,197.6940161636514,4.544583563486422,202.70081146826584,193.82964814106347,208.84620737554462,13.826403539168398,226.17069666777664,193.82964814106347,189.96636820282478,31.73237225042052,226.17069666777664,140.2214085789637,198.16137031235684,199.50709233774157,188.25993066745025,0.01011872449627408,0.026693739777703233,0.0905894378418375,12,4,2022,-2.4492935982947064e-16,1.0,-0.0138484799642129,-0.07460812370216652,91.42,89.76,88.55666666666667,-0.11485451761102605,363.3940476190476,363.23588622389303,-0.0006297781170253591,33221.48383333333,-0.11541196286621846
2023-01-01,195.4424619142402,193.82964814106347,202.70081146826584,226.17069666777664,140.2214085789637,195.2745663123095,1.368715473953621,196.55158888162487,193.82964814106347,203.72483491662183,11.644731874254086,224.36766993313594,193.82964814106347,194.5681226474312,27.597250854135684,226.17069666777664,140.81790342570906,196.80191611329852,198.3457693595983,189.3649354746487,0.01939806853743428,0.025749324563450922,0.09063227510197026,1,1,2023,0.49999999999999994,0.8660254037844387,0.008320779553822266,-0.03580819189350892,80.92,93.33,84.94666666666667,0.01952545724172028,363.1651899999999,362.9940042063492,-0.002044290092890977,29387.32717479999,0.017441251450030837
2023-02-01,187.26062717203652,195.4424619142402,196.55158888162487,224.36766993313594,140.81790342570906,192.17757907578007,4.333890179103566,195.4424619142402,187.26062717203652,197.54032778977194,7.660987284180127,209.45682916140083,187.26062717203652,198.43834962629182,22.078908782101497,226.17069666777664,146.14066504322906,192.03127164266752,195.1785858774378,189.04119573578527,0.02514863383933201,0.0253073038239784,0.09284067536164983,2,1,2023,0.8660254037844386,0.5000000000000001,-0.04186313793874463,-0.04726983771768911,82.5,91.42,82.00333333333334,0.0010909090909090313,362.422775,362.52152666666666,-0.001231048462669082,29899.8789375,-0.000141482333719245
2023-03-01,186.4020379763149,187.26062717203652,193.82964814106347,209.45682916140083,146.14066504322906,189.7017090208639,4.990137942868611,195.4424619142402,186.4020379763149,193.69786259225762,6.114325688180599,202.70081146826584,186.4020379763149,201.79346403738228,15.483139850523951,226.17069666777664,183.50997373088245,189.21665480949122,192.67100076283126,188.63517146509753,0.026059689471078035,0.019013855290011695,0.09322268609823604,3,1,2023,1.0,6.123233995736766e-17,-0.004584995835418493,-0.03832029947938098,82.59,80.92,81.17333333333335,-0.050369294103402296,361.976615,351.2900815151515,-0.08980071945958579,29895.64863285,-0.13564681471383122
2023-04-01,184.27972649729477,186.4020379763149,195.4424619142402,202.70081146826584,183.50997373088245,185.9807972152154,1.5344461679302948,187.26062717203652,184.27972649729477,190.62768176376244,5.253894369455785,196.55158888162487,184.27972649729477,201.85761010124997,15.401887204804693,226.17069666777664,184.27972649729477,186.748190653393,190.27349382982084,187.9651030085125,0.01985272968375561,0.01800708831506906,0.058191181291086115,4,2,2023,0.8660254037844387,-0.4999999999999998,-0.011385666712988352,-0.05711520059465691,78.43,82.5,81.88666666666667,0.07917888563049846,329.4708545454545,337.62394193181814,-0.024422488922595575,25840.399121999995,0.052822651250688635
2023-05-01,184.78112181165017,184.27972649729477,187.26062717203652,196.55158888162487,192.34136503405585,185.15429542841994,1.1092769783436627,186.4020379763149,184.27972649729477,188.6659372521,4.7752689722224595,195.4424619142402,184.27972649729477,201.22758983271615,15.97066586482734,226.17069666777664,184.27972649729477,185.7646562325216,188.70424468177208,187.47525974745676,0.0070547598003058,0.017656245234145603,0.05635280212061556,5,2,2023,0.49999999999999994,-0.8660254037844387,0.0027208381729542097,-0.013240932692746066,84.64,82.59,79.51333333333335,-0.10834120982986772,321.42435625,320.3530226461039,-0.03503312330937536,27205.357513000003,-0.13957880217578644
2023-06-01,183.36571713276822,184.78112181165017,186.4020379763149,193.82964814106347,223.48785836778987,184.14218848057104,0.7176559975237933,184.78112181165017,183.36571713276822,186.92194875071746,4.408977582074911,195.4424619142402,183.36571713276822,197.88407806313103,15.06067105676502,226.17069666777664,183.36571713276822,184.5651866826449,187.17895109634242,186.84302242212007,0.007310204348567785,0.017574519981713176,0.02276537856495742,6,2,2023,1.2246467991473532e-16,-1.0,-0.00765989872236339,-0.01628909681734525,75.47,78.43,78.31666666666668,-0.008347687822975902,310.1638571428572,310.9497961309524,-0.028703157823952274,23408.06629857143,-0.03681124064588015
2023-07-01,181.07599692439422,183.36571713276822,184.27972649729477,195.4424619142402,226.17069666777664,183.07427862293753,1.8696764188753794,184.78112181165017,181.07599692439422,184.52753791907648,2.2078136424094232,187.26062717203652,181.07599692439422,194.12618641784914,12.820366409280908,224.36766993313594,181.07599692439422,182.82059180351956,185.4352499043572,185.95578773016226,0.007771165173409964,0.01536992055096154,0.021048902604979266,7,3,2023,-0.4999999999999997,-0.8660254037844388,-0.012487177233441615,-0.017385143953681625,74.84,84.64,76.80666666666667,0.0704168893639765,301.261175,310.238459047619,0.059845647219559206,22546.386337,0.13447668090271092
2023-08-01,180.319767729387,181.07599692439422,184.78112181165017,187.26062717203652,224.36766993313594,181.58716059551648,1.5860069880031393,183.36571713276822,180.319767729387,183.37072801196823,2.3055803406316917,186.4020379763149,180.319767729387,190.45552790087012,9.157038068000439,209.45682916140083,180.319767729387,181.5701797664533,183.97368356865144,185.08870773004298,0.004173498965411911,0.005564400185176874,0.021243385672280148,8,3,2023,-0.8660254037844385,-0.5000000000000004,-0.004176308333804002,-0.024143992841491047,80.11,75.47,80.36666666666667,0.07539633004618662,319.2903449999999,314.0426415873016,0.007159814876033899,25578.34953794999,0.08309596868768354
2023-09-01,197.04602342547747,180.319767729387,183.36571713276822,186.4020379763149,209.45682916140083,186.14726269308622,9.446174346013224,197.04602342547747,180.319767729387,185.14472558682863,6.091321099871065,197.04602342547747,180.319767729387,189.42129408954315,7.335556710083868,202.70081146826584,180.319767729387,189.30810159596538,187.7086378134589,186.92829476010985,0.05851242727216899,0.04093376503096112,0.034003083751567874,9,3,2023,-1.0,-1.8369701987210297e-16,0.09275885781525761,0.07460667406439914,86.15,74.84,86.66000000000001,0.08786999419616937,321.5764047619049,321.2120113241437,0.0037094744233632237,27703.807270238107,0.09190542011558445
2023-10-01,194.5446504422477,197.04602342547747,181.07599692439422,184.27972649729477,202.70081146826584,190.63681386570406,9.021934240199075,197.04602342547747,180.319767729387,186.85554624432078,7.1494039421296,197.04602342547747,180.319767729387,188.74161400404162,6.2977191614171835,197.04602342547747,180.319767729387,191.92637601910656,189.66178427882713,188.10004178813108,0.05857952512899553,0.04107351286454701,0.03300940601445696,10,4,2023,-0.8660254037844386,0.5000000000000001,-0.012694359113396558,0.07438121974541523,93.72,80.11,90.15666666666668,-0.033290653008962945,322.7692842105263,323.0253220817195,0.006075525640543811,30249.937316210522,-0.027417385584365572
2023-11-01,201.7457925697085,194.5446504422477,180.319767729387,184.78112181165017,196.55158888162487,197.77882214581123,3.65607131472581,201.7457925697085,194.5446504422477,189.68299137066387,9.219754952141246,201.7457925697085,180.319767729387,189.17446431138194,7.020350761201881,201.7457925697085,180.319767729387,196.83608429440753,193.11435807622183,190.1993880622199,0.05275537029303693,0.042269550145825466,0.033646801429033375,11,4,2023,-0.5000000000000004,0.8660254037844384,0.037015369536457676,0.11882238486728958,90.6,86.15,89.08666666666669,-0.08454746136865343,324.7302772727273,325.24986594896336,0.01083902345192489,29420.56312090909,-0.0746248498333042
2023-12-01,205.2703162981718,201.7457925697085,197.04602342547747,183.36571713276822,193.82964814106347,200.520253103376,5.4668489325097935,205.2703162981718,194.5446504422477,193.33375789823108,10.470029360548724,205.2703162981718,180.319767729387,190.12785332447427,8.359191349985966,205.2703162981718,180.319767729387,201.05320029628967,196.58748899677897,192.5179924062125,0.025043195207153035,0.040737848939684074,0.033462637895539694,12,4,2023,-2.4492935982947064e-16,1.0,0.01747012259125791,0.04173792868144188,82.94,93.72,83.72333333333334,-0.06402218471183996,328.2500363636364,326.5742133173844,-0.004593175569908126,27225.058016000003,-0.06832129514699736
2024-01-01,202.86190912241818,205.2703162981718,194.5446504422477,181.07599692439422,195.4424619142402,203.29267266343285,1.8013147418818485,205.2703162981718,201.7457925697085,196.96474326456845,9.050261955652825,205.2703162981718,180.319767729387,190.7461405918224,9.035086371502635,205.2703162981718,180.319767729387,201.95755470935393,198.3801804612473,194.1093642087057,0.02453303968103267,0.04061983694183244,0.033796391437932276,1,1,2024,0.49999999999999994,0.8660254037844387,-0.011732856553186233,0.042752440949999526,77.63,90.6,80.23000000000002,0.03207522864871848,326.7423263157895,325.3876558137769,-0.017052340958421563,25365.00679189474,0.014475929955059641
2024-02-01,197.34631397594558,202.86190912241818,201.7457925697085,180.319767729387,187.26062717203652,201.82617979884517,4.0622659470348115,205.2703162981718,197.34631397594558,199.8025009723282,4.10632147117043,205.2703162981718,194.5446504422477,191.5866144921482,9.149750972870908,205.2703162981718,180.319767729387,199.65193434264975,198.0847900368754,194.60735648058875,0.022679408201360156,0.044257126353785,0.032230463595415704,2,1,2024,0.8660254037844386,0.5000000000000001,-0.02718891471707574,-0.021807040125720545,80.12,82.94,80.41000000000001,0.04193709435846227,321.1706047619048,320.1643503592315,-0.0267474190805016,25732.188853523818,0.014067966240136398
2024-03-01,195.2449369885007,197.34631397594558,205.2703162981718,197.04602342547747,186.4020379763149,198.4843866956215,3.9339513543849813,202.86190912241818,195.2449369885007,199.50231989949873,4.403224933260976,205.2703162981718,194.5446504422477,192.3235227431637,9.049783805126784,205.2703162981718,180.319767729387,197.44843566557523,197.27340345162548,194.70544578949827,0.009252590040998633,0.023734721663939168,0.03243846581216406,3,1,2024,1.0,6.123233995736766e-17,-0.010648169429204546,-0.048839888253050745,83.48,77.63,83.00333333333334,0.023119310014374506,312.58012,313.1385626399333,-0.022122829955100953,26094.188417600002,0.00048501549514656794
2024-04-01,100.79385076853019,195.2449369885007,202.86190912241818,194.5446504422477,184.27972649729477,164.46170057765883,55.14798519256312,197.34631397594558,100.79385076853019,183.8771866205458,40.86772956964021,205.2703162981718,100.79385076853019,185.36636643243332,28.014668824272977,205.2703162981718,100.79385076853019,149.12114321705272,169.7078169707411,180.2575080939647,0.2685019551872567,0.19923429685491534,0.14490266199337043,4,2,2024,0.8660254037844387,-0.4999999999999998,-0.4837569039013462,-0.5031405787091081,85.41,80.12,86.27666666666669,0.05303828591499826,305.664963157895,305.88942245614044,-0.020420328463175985,26106.84450331581,0.03153489823231426
2024-05-01,203.63302645405025,100.79385076853019,197.34631397594558,201.7457925697085,184.78112181165017,166.55727140369373,57.10701035292081,203.63302645405025,100.79385076853019,184.19172560126944,41.03966160002902,205.2703162981718,100.79385076853019,186.93735848596666,28.50319045517316,205.2703162981718,100.79385076853019,176.3770848355515,179.40073396597228,183.85374168782403,0.7690723224118696,0.4967701951192716,0.33803711534901143,5,2,2024,0.49999999999999994,-0.8660254037844387,1.0202921597041361,0.031856244747854534,89.94,83.48,85.7,-0.091060707138092,299.4231842105262,301.59349412280704,0.000898897626058881,26930.121187894725,-0.09024366376550697
2024-06-01,204.21432920893588,203.63302645405025,195.2449369885007,205.2703162981718,183.36571713276822,169.54706881050546,59.54274281193932,204.21432920893588,100.79385076853019,184.0157277530635,40.93331391234099,204.21432920893588,100.79385076853019,188.6747428256473,28.898357252216176,205.2703162981718,100.79385076853019,190.29570702224368,186.490332606819,186.98613976799507,0.7674778462845534,0.49719774638648356,0.33788832638067906,6,2,2024,1.2246467991473532e-16,-1.0,0.0028546585247397616,0.045939179569933986,81.75,85.41,84.64666666666668,0.006116207951070374,299.692335,300.97586566276806,0.013746573724609634,24499.84838625,0.019946858579194426
2024-07-01,197.61093821207993,204.21432920893588,100.79385076853019,202.86190912241818,181.07599692439422,201.8194312916887,3.656232859657579,204.21432920893588,197.61093821207993,183.14056593467376,40.50367066131014,204.21432920893588,100.79385076853019,190.0526545996211,28.897304890176947,205.2703162981718,100.79385076853019,193.9533226171618,189.66764849403643,188.6207241440081,0.5978353457423967,0.49804197755884094,0.3382738129700624,7,3,2024,-0.4999999999999997,-0.8660254037844388,-0.03233559085905224,0.9605455759983517,82.25,89.94,83.05000000000001,0.035258358662614064,303.8120777777779,302.42011875201297,-0.00018476651727472593,24988.543397222234,0.03506707758120431
2024-08-01,198.36773887361616,197.61093821207993,203.63302645405025,197.34631397594558,180.319767729387,200.06433543154398,3.6138653924314283,204.21432920893588,197.61093821207993,183.31080341761887,40.57739843483351,204.21432920893588,100.79385076853019,191.55665219497357,28.814238846803825,205.2703162981718,100.79385076853019,196.160530745389,192.15338860248778,190.1202648716401,0.02060435390387923,0.4968888466881577,0.33816730361378416,8,3,2024,-0.8660254037844385,-0.5000000000000004,0.0038297508649243195,-0.025856746678673992,85.15,81.75,82.58666666666669,-0.056253669994128064,303.7559434782609,302.7454404186796,-0.01016488251358949,25864.81858717392,-0.06584674056126905
2024-09-01,207.17007495890545,198.36773887361616,204.21432920893588,195.2449369885007,197.04602342547747,201.04958401486718,5.3139903892800415,207.17007495890545,197.61093821207993,185.2983264126863,41.5590330184758,207.17007495890545,100.79385076853019,192.40032315609253,29.135995184243093,207.17007495890545,100.79385076853019,201.66530285214722,196.4438704186071,192.74331257737322,0.038375533141376934,0.49531183172737436,0.3378949899346859,9,3,2024,-1.0,-1.8369701987210297e-16,0.04437382880538565,0.014473743157099817,80.36,82.25,79.84333333333335,-0.07889497262319567,300.6682999999999,301.85824782608694,0.0016037606891055045,24161.70458799999,-0.07741774058975137
2024-10-01,209.11007154961933,207.17007495890545,197.61093821207993,100.79385076853019,194.5446504422477,204.88262846071362,5.724835058064338,209.11007154961933,198.36773887361616,203.35102987620118,4.612121327039849,209.11007154961933,197.61093821207993,193.61410824837347,29.534119913939453,209.11007154961933,100.79385076853019,205.38768720088328,200.06278502746773,195.26127549618033,0.021985307006837655,0.41495496355953276,0.33760876867915185,10,4,2024,-0.8660254037844386,0.5000000000000001,0.00936427035178089,0.05819077345403989,74.02,85.15,76.67,0.02175087814104293,301.1505,298.534646031746,-0.024457412173521376,22291.16001,-0.003238504224309824
2024-11-01,211.4477819579231,209.11007154961933,198.36773887361616,203.63302645405025,201.7457925697085,209.2426428221493,2.1419326901374216,211.4477819579231,207.17007495890545,204.65348912684667,5.686084545310192,211.4477819579231,197.61093821207993,194.42260736405805,29.907399826550353,211.4477819579231,100.79385076853019,208.4177345794032,203.31564129331213,197.7515072595254,0.019709720114522804,0.024466863820398053,0.33776378722465594,11,4,2024,-0.5000000000000004,0.8660254037844384,0.011179329579776187,0.06593835851826935,75.63,80.36,74.66666666666667,-0.0169245008594473,293.785138095238,295.6482810317461,-0.0060450065879855686,22218.969994142848,-0.02286719872823928
2024-12-01,228.24072350338133,211.4477819579231,207.17007495890545,204.21432920893588,205.2703162981718,216.26619233697457,10.43591251303399,228.24072350338133,209.11007154961933,208.6578881759209,11.149989066512996,228.24072350338133,197.61093821207993,196.33680796449218,31.364427492225335,228.24072350338133,100.79385076853019,218.32922904139227,210.4370933533319,202.4421559124263,0.03993238693809221,0.038244478783175814,0.3377730378809379,12,4,2024,-2.4492935982947064e-16,1.0,0.07941885883106559,0.10170700835367019,74.35,74.02,74.61333333333334,-0.006590450571620665,292.009205,292.4916191269841,-0.0011256176471755586,21710.884391749998,-0.007708649891329911
2025-01-01,229.2029726174392,228.24072350338133,209.11007154961933,197.61093821207993,202.86190912241818,222.96382602624786,9.984785129238647,229.2029726174392,211.4477819579231,213.9232272434808,12.290922659784938,229.2029726174392,198.36773887361616,198.53189658907726,32.75360812338325,229.2029726174392,100.79385076853019,223.76610082941573,215.79877314307683,206.55920463627444,0.04155438445875763,0.030500673397098034,0.3375373237731675,1,1,2025,0.49999999999999994,0.8660254037844387,0.004215939641654787,0.09608767726451695,73.86,75.63,75.82666666666667,0.07324668291362024,291.6805142857143,293.2897746825397,0.015424720733258956,21543.522785142857,0.08980121327545953
2025-02-01,222.44557580189792,229.2029726174392,211.4477819579231,198.36773887361616,197.34631397594558,226.62975730757285,3.655408594629284,229.2029726174392,222.44557580189792,217.93620006486105,9.89310265265063,229.2029726174392,207.17007495890545,200.62350174123995,33.4647005312548,229.2029726174392,100.79385076853019,223.10583831565683,217.6978596170257,209.00326173867805,0.05575313222554949,0.037451523498517866,0.33758675589829346,2,1,2025,0.8660254037844386,0.5000000000000001,-0.02948215172941937,0.052011866675259366,79.27,74.35,76.19000000000001,-0.04831588242714768,296.1796047619048,294.88785144724557,0.002106257561908409,23478.157269476193,-0.04631139055796185
2025-03-01,218.19233390029768,222.44557580189792,228.24072350338133,207.17007495890545,195.2449369885007,223.28029410654494,5.55257662945129,229.2029726174392,218.19233390029768,219.77324322175977,8.40565511857502,229.2029726174392,209.11007154961933,202.53578481722306,33.78353685127183,229.2029726174392,100.79385076853019,220.64908610797727,217.83913798367485,210.41696514815797,0.017260316973791285,0.03809935023984889,0.3377376200171781,3,1,2025,1.0,6.123233995736766e-17,-0.01912037084247531,-0.04402540199157223,75.44,73.86,75.81333333333335,-0.03592258748674437,296.8034352941176,296.2973572116566,-0.003013454727314735,22390.85115858823,-0.03882779112297974
2025-04-01,218.56953638444,218.19233390029768,229.2029726174392,209.11007154961933,100.79385076853019,219.73581536221187,2.3542879303235584,222.44557580189792,218.19233390029768,221.34982069422986,6.724690189779792,229.2029726174392,211.4477819579231,212.3504252852155,10.889256670318654,229.2029726174392,197.61093821207993,219.60931124620862,218.04782324103633,211.67120687681674,0.01589640376813063,0.03822259724279896,0.29413191403681327,4,2,2025,0.8660254037844387,-0.4999999999999998,0.0017287613977980953,-0.046393099145129235,72.73,79.27,72.10000000000001,-0.06324762821394214,295.9090315789473,297.08122053663567,0.00886138264825198,21521.463866736838,-0.05494670700088833
2025-05-01,218.36965110310905,218.56953638444,222.44557580189792,211.4477819579231,203.63302645405025,218.37717379594892,0.18871372944864623,218.56953638444,218.19233390029768,222.50346555176085,5.078443691826821,229.2029726174392,218.19233390029768,213.57847733930376,10.644997604711563,229.2029726174392,197.61093821207993,218.98948117465883,218.13977405877137,212.70173675778477,0.011351405120139272,0.03833947810602049,0.030664888978792968,5,2,2025,0.49999999999999994,-0.8660254037844387,-0.0009145157401047044,-0.018323244614308454,68.13,75.44,68.43666666666668,-0.05401438426537486,298.531194736842,297.9514719298245,0.002957797216537328,20338.930297421044,-0.05121635064427077
2025-06-01,217.8516225764671,218.36965110310905,218.19233390029768,228.24072350338133,204.21432920893588,218.26360335467203,0.370519436226941,218.56953638444,217.8516225764671,220.7719487306085,4.465144183719803,229.2029726174392,217.8516225764671,214.7149184532647,10.275965927576637,229.2029726174392,197.61093821207993,218.42055187556298,218.0574450638273,213.4940268837359,0.0020788720819473225,0.01349218257343937,0.030754639024450556,6,2,2025,1.2246467991473532e-16,-1.0,-0.002372255137218504,-0.0015615183069918048,64.45,72.73,68.00666666666667,0.10845616757176102,299.4141894736842,299.2822514035087,0.0016271123528650566,19297.244511578945,0.11025975029462631
2025-07-01,215.86491550151655,217.8516225764671,218.56953638444,229.2029726174392,197.61093821207993,217.36206306036425,1.3221862570445488,218.36965110310905,215.86491550151655,218.54893921128803,2.1463339115897107,222.44557580189792,215.86491550151655,216.2360832273844,8.751931106757654,229.2029726174392,198.36773887361616,217.14273368853975,217.43100804602423,213.85877897877907,0.004377467825374965,0.012179627119566244,0.028804314712598415,7,3,2025,-0.4999999999999997,-0.8660254037844388,-0.009119542243726908,-0.012374189595050988,71.44,68.13,68.97666666666669,-0.005599104143336975,299.9013699999999,300.1457637639553,0.004069210548061308,21424.95387279999,-0.0015526775289154138
2025-08-01,211.73137398309254,215.86491550151655,218.36965110310905,222.44557580189792,198.36773887361616,215.14930402035873,3.122248477482357,217.8516225764671,211.73137398309254,216.76323890815385,2.653179669224769,218.56953638444,211.73137398309254,217.3497194865074,6.9327400190618595,229.2029726174392,207.17007495890545,214.43705383581613,215.8025411709009,213.5314859025196,0.008441575966171436,0.009225892916436338,0.029834600565273893,8,3,2025,-0.8660254037844385,-0.5000000000000004,-0.019148741743513997,-0.03039926604490506,71.04,64.45,70.11666666666667,-0.04462274774774777,301.1217318181819,300.8374056060606,0.0012200487145177519,21391.687828363643,-0.0434571409592579
2025-09-01,209.34501742453222,211.73137398309254,217.8516225764671,218.19233390029768,207.17007495890545,212.31376896971378,3.298735465885236,215.86491550151655,209.34501742453222,215.28868616219293,3.8765622519368197,218.56953638444,209.34501742453222,217.53096469197632,6.6657034027619035,229.2029726174392,209.11007154961933,211.89103563017417,213.95753438622415,212.88741382898309,0.005280089855309335,0.007808042008508101,0.02753746763167653,9,3,2025,-1.0,-1.8369701987210297e-16,-0.011270679983169996,-0.039047701602263785,67.87,71.44,68.96666666666668,0.0017680860468540782,301.489115,301.60211878066383,0.0023430183335457766,20462.066235050002,0.00411524703842292
